{
  "N": 75,
  "seed": 7,
  "scenario": "U",
  "mechanism": "hybrid",
  "params": {
    "time_step_hours": 0.25,
    "arrival_window_hours": 8.0,
    "shore_power_kw": 900,
    "battery_swap_hours": 0.75,
    "peaked_arrival_mean_hours": 4.0,
    "peaked_arrival_std_hours": 1.0,
    "peaked_arrival_uniform_mix": 0.3,
    "long_service_shift_hours": 4.0,
    "battery_cost": 0.45,
    "shore_cost": 0.15,
    "brown_cost": 0.9,
    "ship_type_defs": {
      "A": {
        "prob": 0.2,
        "energy_range": [
          6000,
          8000
        ],
        "delay": 2000,
        "shore": 1,
        "cargo_range": [
          6,
          24
        ]
      },
      "B": {
        "prob": 0.5,
        "energy_range": [
          3000,
          5000
        ],
        "delay": 800,
        "shore": 1,
        "cargo_range": [
          6,
          24
        ]
      },
      "C": {
        "prob": 0.15,
        "energy_range": [
          3000,
          4000
        ],
        "delay": 500,
        "shore": 0,
        "cargo_range": [
          6,
          24
        ]
      },
      "D": {
        "prob": 0.15,
        "energy_range": [
          4000,
          4000
        ],
        "delay": 1500,
        "shore": 1,
        "cargo_range": [
          6,
          12
        ]
      }
    },
    "shore_cap": 2,
    "battery_slots": 2,
    "deadline_tightness": 1.0,
    "brown_available": true,
    "wait_cost": 0.0,
    "infeasible_penalty": 10000,
    "cargo_time_scale": 1.0
  },
  "demand": [
    3501.9984933295164,
    4000.0,
    3629.6221828402035,
    3665.3629184226497,
    3405.8235044270323,
    4000.0,
    7680.337634316779,
    3603.7790253168655,
    3594.6848704882786,
    3613.318981777744,
    3931.68007012225,
    4270.452367799427,
    3123.730836312748,
    4528.0601768769375,
    4459.9784980041295,
    4826.709723062091,
    4000.0,
    3915.635435100732,
    3060.577667863204,
    4000.0,
    3375.0066687119333,
    6077.971682066091,
    3332.022306094434,
    6042.1507088877825,
    7876.682573729227,
    4623.1748054935015,
    4221.501571227052,
    4000.0,
    4603.328810183746,
    4708.018142683691,
    3677.320166760437,
    3225.43398344574,
    7594.916350732667,
    7725.618469837469,
    3258.2758829486497,
    4765.241439803836,
    4147.282358997047,
    7218.6685149852,
    3661.1914610149493,
    7647.770978004029,
    3654.336415865311,
    4000.0,
    3323.0246538939987,
    3650.8074434222285,
    4127.419448534139,
    3379.319624252568,
    6913.020099923739,
    3202.1979357093173,
    3267.4423776770454,
    4000.0,
    3743.4479055488364,
    3430.115559276187,
    6659.704566564828,
    3163.0629206051467,
    4158.109148858508,
    6155.093144702006,
    3131.0789882913205,
    3261.3684916145535,
    4000.0,
    3612.8211584137207,
    4239.846919423603,
    3869.626824753178,
    3750.7480340389275,
    6193.615417672936,
    4552.9470481304925,
    4348.401980870422,
    3128.4240003322075,
    7514.919812764404,
    4000.0,
    4496.663125795839,
    3251.4830350683383,
    4599.073942776286,
    4000.0,
    4878.359917381762,
    7554.231618106364
  ],
  "arrival_times": [
    6.760594566996423,
    7.559585369159836,
    7.231334305567414,
    4.557753182874218,
    1.1636796300874153,
    1.539707959746659,
    7.423245477956195,
    4.41861190133811,
    1.444419987591293,
    7.0724551535717595,
    5.132573641779846,
    4.5575541957904635,
    3.010302689039361,
    3.2876422572570387,
    1.915913701454759,
    0.3044582935299127,
    7.009750464874168,
    3.741841734512769,
    4.381081593709882,
    2.577306478241801,
    6.010599358839423,
    0.2015749664140829,
    2.9774821805216316,
    0.24280235507289305,
    0.9831368176400748,
    7.737185883178942,
    5.262085840308115,
    3.4257619711158505,
    4.1899208632838425,
    6.982473668518195,
    2.7536853359682096,
    4.722327858317717,
    5.4694749867163495,
    2.8433102161880965,
    4.152787891967921,
    6.121979066228181,
    7.2734345119244015,
    1.208498224614524,
    7.467355138459428,
    0.041430926523457146,
    6.023820028782032,
    6.484214642537961,
    1.0941124123406523,
    3.3512292073054812,
    6.522050223960365,
    0.11416951747688486,
    5.027695582930326,
    6.344189264784273,
    4.104028662577668,
    5.806795364408697,
    1.8113878615771526,
    1.5881691839413827,
    2.905015604402813,
    1.4352482205371722,
    2.7684915128998275,
    7.584992491286518,
    4.586661740888967,
    2.7205445393667187,
    2.1721969584702823,
    7.616315925660178,
    3.555825677176906,
    7.843158007044716,
    4.124181352850168,
    4.169329032209792,
    7.172324189728006,
    5.942139345720316,
    4.64522291082258,
    3.4131960306900666,
    7.025502875346244,
    3.2931691992551073,
    7.38207660934774,
    0.5497228169748922,
    3.4399748952093043,
    4.156118559022872,
    7.607505564654798
  ],
  "service_times": [
    4.0,
    4.5,
    4.25,
    4.25,
    4.0,
    4.5,
    8.75,
    4.25,
    4.0,
    4.25,
    4.5,
    4.75,
    3.5,
    5.25,
    5.0,
    5.5,
    4.5,
    4.5,
    3.5,
    4.5,
    4.0,
    7.0,
    3.75,
    6.75,
    9.0,
    5.25,
    4.75,
    4.5,
    5.25,
    5.25,
    4.25,
    3.75,
    8.5,
    8.75,
    3.75,
    5.5,
    4.75,
    8.25,
    4.25,
    8.5,
    4.25,
    4.5,
    3.75,
    4.25,
    4.75,
    4.0,
    7.75,
    3.75,
    3.75,
    4.5,
    4.25,
    4.0,
    7.5,
    3.75,
    4.75,
    7.0,
    3.5,
    3.75,
    4.5,
    4.25,
    4.75,
    4.5,
    4.25,
    7.0,
    5.25,
    5.0,
    3.5,
    8.5,
    4.5,
    5.0,
    3.75,
    5.25,
    4.5,
    5.5,
    8.5
  ],
  "cargo_times": [
    20.50870465071796,
    10.302515425686739,
    23.48809275230844,
    13.16896007422867,
    6.912672994900869,
    11.49278638274345,
    8.023303346866422,
    14.625536908013245,
    17.86695011896314,
    23.304315205256223,
    17.305815387568323,
    9.31000913717444,
    13.407302822963548,
    20.67399218925189,
    8.037689145454014,
    20.436658403951107,
    9.139824917851064,
    6.839740283169969,
    6.363880320410644,
    7.491418639253897,
    16.207004730937122,
    16.626981621027333,
    18.20172675421157,
    11.590263546957509,
    15.691134837790404,
    17.844469469011067,
    9.442548241528153,
    6.238118510754,
    23.28127650647117,
    6.912773627389102,
    11.72405756152108,
    17.27901274790618,
    11.64698649604039,
    20.348284431230333,
    19.803464821286795,
    9.551086256971438,
    17.497499388397852,
    7.732422197304783,
    17.375185044231337,
    20.46322858434591,
    18.996851992677968,
    11.357686549144738,
    6.480642301553123,
    9.86417290938774,
    23.006481536523136,
    10.549941906917521,
    17.830390438873206,
    12.850525743009769,
    17.92403198905657,
    8.261122688452694,
    15.71138986105382,
    10.453372649101876,
    14.233662566487913,
    19.5491784546061,
    11.39448971202902,
    19.737257125226662,
    8.39771956229421,
    7.4627216000878285,
    7.615465798040343,
    20.990297580037215,
    9.368580957732938,
    21.91060436499864,
    18.795867957537606,
    19.09184598129379,
    20.863802070638386,
    12.673190306872545,
    15.337972213085308,
    9.435087662814189,
    9.216720254276233,
    22.13856115366523,
    9.316863831596939,
    17.601389214422547,
    11.980626990187883,
    21.17445120314855,
    13.110345873715865
  ],