{
  "N": 75,
  "seed": 6,
  "scenario": "U",
  "mechanism": "hybrid",
  "params": {
    "time_step_hours": 0.25,
    "arrival_window_hours": 8.0,
    "shore_power_kw": 900,
    "battery_swap_hours": 0.75,
    "peaked_arrival_mean_hours": 4.0,
    "peaked_arrival_std_hours": 1.0,
    "peaked_arrival_uniform_mix": 0.3,
    "long_service_shift_hours": 4.0,
    "battery_cost": 0.45,
    "shore_cost": 0.15,
    "brown_cost": 0.9,
    "ship_type_defs": {
      "A": {
        "prob": 0.2,
        "energy_range": [
          6000,
          8000
        ],
        "delay": 2000,
        "shore": 1,
        "cargo_range": [
          6,
          24
        ]
      },
      "B": {
        "prob": 0.5,
        "energy_range": [
          3000,
          5000
        ],
        "delay": 800,
        "shore": 1,
        "cargo_range": [
          6,
          24
        ]
      },
      "C": {
        "prob": 0.15,
        "energy_range": [
          3000,
          4000
        ],
        "delay": 500,
        "shore": 0,
        "cargo_range": [
          6,
          24
        ]
      },
      "D": {
        "prob": 0.15,
        "energy_range": [
          4000,
          4000
        ],
        "delay": 1500,
        "shore": 1,
        "cargo_range": [
          6,
          12
        ]
      }
    },
    "shore_cap": 2,
    "battery_slots": 2,
    "deadline_tightness": 1.0,
    "brown_available": true,
    "wait_cost": 0.0,
    "infeasible_penalty": 10000,
    "cargo_time_scale": 1.0
  },
  "demand": [
    3023.9436869382184,
    3476.3818472937455,
    3518.9706233271536,
    3605.078692511894,
    4000.0,
    3689.5821368241054,
    4394.258775221444,
    4793.187670041009,
    4208.513654473127,
    7044.997516466915,
    7793.757355710222,
    4000.0,
    7874.390800530789,
    4000.0,
    3871.1518038624863,
    3261.8843869204347,
    6284.196086135592,
    4685.520379074291,
    3199.2011713600914,
    3601.7660484772778,
    3234.1180303006195,
    7007.341684847302,
    6896.266586816598,
    3134.924490441907,
    3642.697157927242,
    4905.25460035049,
    6816.338163766819,
    4000.0,
    7722.346810999174,
    4313.794079754926,
    3619.0987724969177,
    4610.710949818867,
    4237.779625095562,
    4000.0,
    3418.605173016867,
    4587.068419810253,
    4000.0,
    3571.615289734601,
    4000.0,
    4546.350845859765,
    4906.281892763942,
    4000.0,
    7320.559870498166,
    4000.0,
    3163.7575018786083,
    4000.0,
    7094.29106741187,
    4365.49984009561,
    3817.8144508003397,
    3517.295193129362,
    7672.365000888683,
    4692.85810091218,
    3202.4222936699484,
    4000.0,
    6147.923273867676,
    4658.3873316539075,
    3050.8872216149275,
    7035.951375859473,
    4841.287560734686,
    4355.995106096556,
    3813.63623011922,
    3229.975406479449,
    4000.0,
    3087.1138905948874,
    4647.444837482894,
    4571.9475158528885,
    3100.554873579802,
    4411.108083800261,
    4000.0,
    4000.0,
    3315.013080339041,
    4527.120937479051,
    4000.0,
    3776.7529805163895,
    3018.8067924856805
  ],
  "arrival_times": [
    4.210557304846631,
    1.588668160250811,
    4.582561130513061,
    2.508996221478509,
    6.2511945985129636,
    6.620163381186307,
    7.950370472165025,
    6.6797849487872965,
    0.4741068877537602,
    5.794605418243149,
    6.465436023441459,
    6.977937767858813,
    3.9333772940481637,
    3.8072928819600715,
    4.246508908852079,
    1.239466222692693,
    7.65564296362579,
    7.8960341800552865,
    2.1038648393573247,
    7.658689125599045,
    1.6657448197532725,
    0.6779498016337699,
    5.857838010048695,
    6.531249167341543,
    1.5978282895583922,
    7.630058785317988,
    3.197861374705905,
    1.4869447736570978,
    2.4045957360655317,
    0.9024888290062467,
    6.17456732267285,
    2.282502667772512,
    5.546368754985198,
    3.68723273765373,
    0.9997842619229509,
    4.697963586772275,
    7.737403575794089,
    1.4789640334901941,
    7.700596425618873,
    0.9445631996870025,
    4.611420337373645,
    1.3886184100459626,
    7.967777281819468,
    4.398314241141036,
    6.9737754764208795,
    5.660028335512491,
    3.5884965368698953,
    2.0768990661851676,
    6.976835858859856,
    7.082195364434829,
    6.272267581579204,
    6.454932839173794,
    0.33389632971957006,
    1.7521826273113978,
    4.436306261666003,
    0.6284948054997486,
    4.721986352159221,
    7.578040409688206,
    2.830336101777971,
    5.523007140150981,
    1.6151717104961447,
    6.371775138810908,
    7.171535958976225,
    6.521877232475769,
    3.525955176585583,
    2.7859630589751436,
    0.6699805898374249,
    6.783851281078961,
    7.230562165200653,
    4.46785223577435,
    6.113010865297011,
    1.823125782206957,
    6.047614127717617,
    1.998122741510743,
    5.832517952419104
  ],
  "service_times": [
    3.5,
    4.0,
    4.0,
    4.25,
    4.5,
    4.25,
    5.0,
    5.5,
    4.75,
    8.0,
    8.75,
    4.5,
    8.75,
    4.5,
    4.5,
    3.75,
    7.0,
    5.25,
    3.75,
    4.25,
    3.75,
    8.0,
    7.75,
    3.5,
    4.25,
    5.5,
    7.75,
    4.5,
    8.75,
    5.0,
    4.25,
    5.25,
    4.75,
    4.5,
    4.0,
    5.25,
    4.5,
    4.0,
    4.5,
    5.25,
    5.5,
    4.5,
    8.25,
    4.5,
    3.75,
    4.5,
    8.0,
    5.0,
    4.25,
    4.0,
    8.75,
    5.25,
    3.75,
    4.5,
    7.0,
    5.25,
    3.5,
    8.0,
    5.5,
    5.0,
    4.25,
    3.75,
    4.5,
    3.5,
    5.25,
    5.25,
    3.5,
    5.0,
    4.5,
    4.5,
    3.75,
    5.25,
    4.5,
    4.25,
    3.5
  ],
  "cargo_times": [
    12.924548997865998,
    6.727578428927442,
    22.533970254321634,
    8.095698797999848,
    10.633650237792256,
    22.618066434578356,
    15.675828479180003,
    20.56184364336592,
    10.523085124192773,
    17.170285757321537,
    22.899827090829927,
    9.160423685666078,
    13.758354544016978,
    7.378518660712634,
    9.138676831093449,
    10.42471192424435,
    18.04997839696475,
    8.836102644230184,
    13.152935452782511,
    17.483541854107287,
    16.487232495090232,
    8.114141557690916,
    12.745962411377008,
    11.865831686937264,
    21.75534080505388,
    19.258343829118996,
    8.679052745957565,
    9.438609497784128,
    10.610293329304827,
    7.682780990778198,
    13.760438670644358,
    12.258721779970603,
    23.748472411149553,
    8.865672850330265,
    17.07878010161705,
    16.6897450804927,
    7.279953032244691,
    8.81167281301875,
    8.76294240678642,
    12.739338948819965,
    12.325072554259831,
    11.114167870832528,
    15.6183427728546,
    6.525410202807315,
    8.976810120972942,
    7.984273528165313,
    10.67709864851798,
    23.03040002599061,
    16.37730124157452,
    20.23775993155871,
    7.694385509072389,
    22.56368771326556,
    9.302492326206451,
    8.882478419494205,
    17.041023314155296,
    19.125506522091953,
    6.768144572895379,
    17.838996010160574,
    18.79866447278775,
    21.753960062738066,
    9.094887715092657,
    12.427904359162673,
    9.29386141543256,
    22.327602117930574,
    7.004594981117034,
    9.283995957787942,
    13.120879940447606,
    10.842252771973591,
    11.035469566159863,
    9.84267189097583,
    7.107251762741852,
    18.13856165287864,
    8.801804445824153,
    18.239180415265622,
    7.955956861213991
  ],