{
  "N": 75,
  "seed": 3,
  "scenario": "U",
  "mechanism": "hybrid",
  "params": {
    "time_step_hours": 0.25,
    "arrival_window_hours": 8.0,
    "shore_power_kw": 900,
    "battery_swap_hours": 0.75,
    "peaked_arrival_mean_hours": 4.0,
    "peaked_arrival_std_hours": 1.0,
    "peaked_arrival_uniform_mix": 0.3,
    "long_service_shift_hours": 4.0,
    "battery_cost": 0.45,
    "shore_cost": 0.15,
    "brown_cost": 0.9,
    "ship_type_defs": {
      "A": {
        "prob": 0.2,
        "energy_range": [
          6000,
          8000
        ],
        "delay": 2000,
        "shore": 1,
        "cargo_range": [
          6,
          24
        ]
      },
      "B": {
        "prob": 0.5,
        "energy_range": [
          3000,
          5000
        ],
        "delay": 800,
        "shore": 1,
        "cargo_range": [
          6,
          24
        ]
      },
      "C": {
        "prob": 0.15,
        "energy_range": [
          3000,
          4000
        ],
        "delay": 500,
        "shore": 0,
        "cargo_range": [
          6,
          24
        ]
      },
      "D": {
        "prob": 0.15,
        "energy_range": [
          4000,
          4000
        ],
        "delay": 1500,
        "shore": 1,
        "cargo_range": [
          6,
          12
        ]
      }
    },
    "shore_cap": 2,
    "battery_slots": 2,
    "deadline_tightness": 1.0,
    "brown_available": true,
    "wait_cost": 0.0,
    "infeasible_penalty": 10000,
    "cargo_time_scale": 1.0
  },
  "demand": [
    7072.632902127828,
    3252.037703030221,
    3668.1574410339704,
    4999.6060565703965,
    7074.595448854632,
    3106.059349716844,
    3347.8226987765875,
    7875.262069453825,
    3008.9664732504357,
    6831.403847838445,
    3473.533845340662,
    3810.615684247865,
    4407.778216054374,
    3743.7618984189785,
    3495.199908599038,
    4000.0,
    3887.3956483974525,
    4129.83569006695,
    3002.296827487795,
    4538.100308382926,
    7121.957288676433,
    4000.0,
    4094.457117586586,
    4332.753849920585,
    4000.0,
    4571.821583132424,
    3054.0172993379683,
    3857.688293437472,
    7286.944908272053,
    3356.571503947589,
    3155.5558567297894,
    7752.579824487708,
    3271.355212859415,
    4000.0,
    3540.7216282922227,
    4319.007784018418,
    3974.327782836096,
    3720.772169554633,
    3810.8964249652104,
    3871.5980726195357,
    3280.135517613158,
    3424.27093510196,
    3336.083407665516,
    3901.906641577516,
    3269.360335571816,
    3892.5523288105455,
    4000.0,
    7476.205191808884,
    3638.6185766079893,
    3706.245589523881,
    4154.844921426661,
    7023.290054574183,
    3868.804441522433,
    3375.1105926591827,
    4000.0,
    4977.296315227659,
    3532.1960947506773,
    4200.384915649138,
    4641.15224478881,
    7755.871662811762,
    7615.733623802776,
    3910.7502280448825,
    3609.6040623785184,
    3380.605354467263,
    4000.0,
    3043.0090584004693,
    4000.0,
    6278.879688559631,
    4000.0,
    3767.0407866605456,
    4658.5852676564855,
    4000.0,
    3867.704816708181,
    3657.727833827888,
    7273.1951178917425
  ],
  "arrival_times": [
    2.9542904487553594,
    0.6791581773237443,
    1.5482206517241153,
    1.7109359255371777,
    6.869135457327235,
    1.0140398377464432,
    2.3740621471155956,
    3.942775831394661,
    6.795683289516295,
    7.721851366699004,
    5.6651581654979335,
    1.709497755444385,
    4.359861451664033,
    5.6476723438950955,
    0.4150602218130013,
    5.439073337792571,
    2.9462546811126487,
    4.717602294233666,
    5.356266249133321,
    5.3530199691674865,
    4.184398204206851,
    4.437899459720714,
    1.5851977089082636,
    3.961499132283217,
    1.0032757811620252,
    3.8459760154085156,
    4.289959404558492,
    6.192838530482548,
    3.149318343953487,
    0.15680334841287635,
    4.221999465708026,
    1.6418599396007032,
    5.93006018555495,
    3.109577843333894,
    3.0437853130624193,
    7.275636638154376,
    3.1437635516416718,
    2.7908126172124534,
    2.784157882866049,
    3.8461245624206555,
    0.7463368700113104,
    4.373979263565717,
    7.371419696270253,
    4.503376519037894,
    5.951281658804377,
    7.577125305325418,
    6.736923096791313,
    5.952050748899849,
    6.505309913556487,
    6.561112333015654,
    2.030041558096266,
    3.8557043775070605,
    2.7417340052681203,
    2.0938663490292333,
    4.572412664981044,
    2.5430873827273874,
    4.949252366181218,
    4.659332242174057,
    0.8351917950557706,
    3.53934121247267,
    3.1188389918417574,
    5.653219288803077,
    0.7050627504830862,
    1.3516653796799778,
    4.10077964764393,
    3.236749830782524,
    5.322773441453755,
    2.6628535020468025,
    1.5777501467599677,
    7.454763386113561,
    1.951171946584279,
    1.176514459465877,
    2.2391532345457064,
    2.7177950187882507,
    1.8009279412748924
  ],
  "service_times": [
    8.0,
    3.75,
    4.25,
    5.75,
    8.0,
    3.5,
    3.75,
    9.0,
    3.5,
    7.75,
    4.0,
    4.25,
    5.0,
    4.25,
    4.0,
    4.5,
    4.5,
    4.75,
    3.5,
    5.25,
    8.0,
    4.5,
    4.75,
    5.0,
    4.5,
    5.25,
    3.5,
    4.5,
    8.25,
    3.75,
    3.75,
    8.75,
    3.75,
    4.5,
    4.0,
    5.0,
    4.5,
    4.25,
    4.25,
    4.5,
    3.75,
    4.0,
    3.75,
    4.5,
    3.75,
    4.5,
    4.5,
    8.5,
    4.25,
    4.25,
    4.75,
    8.0,
    4.5,
    4.0,
    4.5,
    5.75,
    4.0,
    4.75,
    5.25,
    8.75,
    8.5,
    4.5,
    4.25,
    4.0,
    4.5,
    3.5,
    4.5,
    7.0,
    4.5,
    4.25,
    5.25,
    4.5,
    4.5,
    4.25,
    8.25
  ],
  "cargo_times": [
    22.864809222018586,
    13.472963031900363,
    21.92486968473736,
    8.58546503425834,
    21.861609517058852,
    16.589276805404253,
    19.82094471897772,
    15.689187467892225,
    7.156505789664758,
    21.251471464170756,
    18.044476316379132,
    10.772793423024535,
    11.54862160286711,
    19.77558555781855,
    20.110534097191074,
    6.959829990119989,
    21.709771127393534,
    23.36667989256288,
    12.126596388931787,
    18.350717303733163,
    17.94737454278296,
    10.101308655186713,
    16.12443244950708,
    11.830419519074772,
    9.690049921434337,
    14.644052455353952,
    15.664588182768497,
    17.52034184203587,
    13.037078201694243,
    18.94032474408384,
    21.595906892180444,
    23.323998864299103,
    8.076795228492205,
    8.406752399332557,
    12.879863907362335,
    8.90688562473321,
    17.880913455868285,
    6.2207262198760676,
    13.815232790656085,
    16.122495447584825,
    21.96099165592238,
    15.768910098815713,
    17.09009388606292,
    21.887459720846273,
    17.247637479244794,
    9.604956838517591,
    10.278931125381632,
    14.121200880227692,
    18.04054001231107,
    17.737324327238085,
    18.55294716422255,
    12.05575950951303,
    22.604304112214457,
    8.66945066586008,
    11.112878525684884,
    10.256406193884057,
    9.57069969214876,
    14.731951295241556,
    9.77467757294302,
    14.351127277145858,
    20.437451072500615,
    14.97864210617425,
    16.098553451153784,
    15.027390603310394,
    11.453390683257803,
    17.94040572755706,
    6.815632356604103,
    20.30930599564482,
    9.121444169358472,
    15.177965380237978,
    19.441382291120085,
    7.27518109336638,
    14.875438972251196,
    19.9954039201334,
    19.210109000147646
  ],