{
  "N": 75,
  "seed": 4,
  "scenario": "U",
  "mechanism": "hybrid",
  "params": {
    "time_step_hours": 0.25,
    "arrival_window_hours": 8.0,
    "shore_power_kw": 900,
    "battery_swap_hours": 0.75,
    "peaked_arrival_mean_hours": 4.0,
    "peaked_arrival_std_hours": 1.0,
    "peaked_arrival_uniform_mix": 0.3,
    "long_service_shift_hours": 4.0,
    "battery_cost": 0.45,
    "shore_cost": 0.15,
    "brown_cost": 0.9,
    "ship_type_defs": {
      "A": {
        "prob": 0.2,
        "energy_range": [
          6000,
          8000
        ],
        "delay": 2000,
        "shore": 1,
        "cargo_range": [
          6,
          24
        ]
      },
      "B": {
        "prob": 0.5,
        "energy_range": [
          3000,
          5000
        ],
        "delay": 800,
        "shore": 1,
        "cargo_range": [
          6,
          24
        ]
      },
      "C": {
        "prob": 0.15,
        "energy_range": [
          3000,
          4000
        ],
        "delay": 500,
        "shore": 0,
        "cargo_range": [
          6,
          24
        ]
      },
      "D": {
        "prob": 0.15,
        "energy_range": [
          4000,
          4000
        ],
        "delay": 1500,
        "shore": 1,
        "cargo_range": [
          6,
          12
        ]
      }
    },
    "shore_cap": 2,
    "battery_slots": 2,
    "deadline_tightness": 1.0,
    "brown_available": true,
    "wait_cost": 0.0,
    "infeasible_penalty": 10000,
    "cargo_time_scale": 1.0
  },
  "demand": [
    4000.0,
    4547.006065648451,
    4000.0,
    7850.152753452455,
    3654.398593045049,
    4568.552044434051,
    3886.6039339312406,
    6640.021335073156,
    4000.0,
    4514.801769518266,
    4000.0,
    4940.142080443524,
    3169.2652526674237,
    3019.8226437919325,
    4000.0,
    4866.03696074814,
    4000.0,
    4000.0,
    6786.502493154563,
    3074.864827672418,
    3746.10766228841,
    4000.0,
    4793.4011782944,
    7175.43584392648,
    4076.8289878627284,
    4620.75341042679,
    4649.818765807793,
    4000.0,
    4831.109100845097,
    4468.158953462118,
    3211.544125705739,
    3584.7263425404544,
    4000.0,
    3278.4495856936865,
    3585.242682922791,
    4000.0,
    4770.789742222638,
    4886.577053452624,
    4987.2326089542,
    3625.413846252638,
    4880.830489105298,
    3250.6101810056557,
    6505.340251165204,
    3388.907020429075,
    3639.471112363407,
    6492.618911231624,
    3662.803537824802,
    4000.0,
    4000.0,
    4990.738698105921,
    3642.7459123278104,
    6937.380213664015,
    4000.0,
    3902.6558524872917,
    3728.427096026383,
    3195.740508822244,
    3667.9836130829976,
    4484.83534541741,
    4000.0,
    3283.2138799762733,
    4796.907884493004,
    4000.0,
    4000.0,
    3652.243129239316,
    4517.381549960549,
    3839.3605982418776,
    6498.3052610604545,
    3651.674101404406,
    4000.0,
    4000.0,
    4581.255240084565,
    7121.298263426886,
    3955.882517017611,
    4402.063506155333,
    3482.7506432176892
  ],
  "arrival_times": [
    4.047145553688051,
    0.5713457766017322,
    5.600698564182507,
    4.213803647728451,
    5.637182915520124,
    0.7053549840766324,
    5.158520186410029,
    2.9626870651581,
    3.9944685279488645,
    2.6838599980681304,
    5.072692210870155,
    4.5460874805760545,
    4.936918056729777,
    0.507036965422861,
    1.8011328080898688,
    0.5752364861711206,
    3.0663827985103955,
    3.8480679502054507,
    0.898735542100308,
    5.3407126791413235,
    3.8988540503443048,
    4.00263769651889,
    4.779726728022538,
    7.479027168832957,
    4.710919733267189,
    0.7478605076052949,
    1.1717538174779571,
    5.55114501625868,
    2.58093773981786,
    6.0422978040147655,
    4.085110440882764,
    3.0375083957574063,
    5.915589539425437,
    1.4638464483726592,
    2.2785008192757408,
    2.3355265787534325,
    3.3225443442102636,
    7.256910794452716,
    6.500317039825435,
    6.572827094090591,
    5.049198904444881,
    0.06571056269155306,
    2.2890644310048867,
    4.0143952215141585,
    7.187638001601818,
    2.9102274007125066,
    4.40447570829068,
    6.788358705023888,
    2.7312519365100476,
    5.984598689087004,
    4.760217714597602,
    4.20265514194337,
    5.038327324471461,
    3.878839743608804,
    0.9037804424079843,
    7.175246252898916,
    7.757861853282301,
    6.6653092533463125,
    2.8303349089565435,
    5.071317823679149,
    6.166104759897311,
    0.497979038727407,
    6.3155627719546965,
    0.6791556558852383,
    7.518593495136348,
    1.9316918941866144,
    7.705136975164457,
    1.856596873543599,
    4.2830789186932945,
    6.6517853359608425,
    7.900337037000171,
    5.645576836661242,
    6.677803837380327,
    3.1342890444228564,
    6.005734385982034
  ],
  "service_times": [
    4.5,
    5.25,
    4.5,
    8.75,
    4.25,
    5.25,
    4.5,
    7.5,
    4.5,
    5.25,
    4.5,
    5.5,
    3.75,
    3.5,
    4.5,
    5.5,
    4.5,
    4.5,
    7.75,
    3.5,
    4.25,
    4.5,
    5.5,
    8.0,
    4.75,
    5.25,
    5.25,
    4.5,
    5.5,
    5.0,
    3.75,
    4.0,
    4.5,
    3.75,
    4.0,
    4.5,
    5.5,
    5.5,
    5.75,
    4.25,
    5.5,
    3.75,
    7.25,
    4.0,
    4.25,
    7.25,
    4.25,
    4.5,
    4.5,
    5.75,
    4.25,
    7.75,
    4.5,
    4.5,
    4.25,
    3.75,
    4.25,
    5.0,
    4.5,
    3.75,
    5.5,
    4.5,
    4.5,
    4.25,
    5.25,
    4.5,
    7.25,
    4.25,
    4.5,
    4.5,
    5.25,
    8.0,
    4.5,
    5.0,
    4.0
  ],
  "cargo_times": [
    11.579078964338956,
    12.829333055008597,
    6.3990695821228005,
    18.47626792037981,
    17.64504871050074,
    17.309670790815584,
    13.476426146893829,
    12.677167101651074,
    8.874428366723109,
    21.742178973079618,
    10.71452309546263,
    17.87472032156142,
    17.260648800598602,
    18.19801336991824,
    8.931549604570957,
    6.352484548789832,
    7.010287224836583,
    7.789744565011148,
    8.38619917885353,
    19.53948280861552,
    8.223091758812242,
    7.545387413039151,
    8.415381754101618,
    22.01622611065626,
    18.075453688206608,
    18.725238447415848,
    10.029244428215549,
    9.022542168580681,
    18.575769715653067,
    23.11756281079444,
    21.66819918744943,
    20.7830327718428,
    8.811650397801873,
    20.49618713565021,
    14.518393075062333,
    8.228158303663925,
    15.18969809788832,
    19.886247198923634,
    18.827116104178153,
    15.542095301578989,
    22.64200883130765,
    10.607874255811263,
    17.258969827049384,
    18.694774754153258,
    21.08078989553008,
    22.67705512359672,
    6.62714737806072,
    10.896924568038814,
    7.50457529293891,
    13.505005527159613,
    15.805625501500002,
    22.153251774714732,
    8.285472171961871,
    18.325629498217978,
    6.058690558847501,
    10.29738105500071,
    19.819158430676353,
    22.691789697110025,
    8.515321293928055,
    22.10977141820483,
    23.20547939128152,
    11.292540801247913,
    11.036136449137238,
    19.63044855129806,
    17.128201463963045,
    18.17124220760234,
    6.928261260337564,
    9.515583267446893,
    9.198802147779741,
    11.55050642523518,
    21.594121391897243,
    19.66041329879975,
    13.913691170724677,
    23.15319898663788,
    7.297084097496904
  ],