{
  "N": 75,
  "seed": 10,
  "scenario": "U",
  "mechanism": "hybrid",
  "params": {
    "time_step_hours": 0.25,
    "arrival_window_hours": 8.0,
    "shore_power_kw": 900,
    "battery_swap_hours": 0.75,
    "peaked_arrival_mean_hours": 4.0,
    "peaked_arrival_std_hours": 1.0,
    "peaked_arrival_uniform_mix": 0.3,
    "long_service_shift_hours": 4.0,
    "battery_cost": 0.45,
    "shore_cost": 0.15,
    "brown_cost": 0.9,
    "ship_type_defs": {
      "A": {
        "prob": 0.2,
        "energy_range": [
          6000,
          8000
        ],
        "delay": 2000,
        "shore": 1,
        "cargo_range": [
          6,
          24
        ]
      },
      "B": {
        "prob": 0.5,
        "energy_range": [
          3000,
          5000
        ],
        "delay": 800,
        "shore": 1,
        "cargo_range": [
          6,
          24
        ]
      },
      "C": {
        "prob": 0.15,
        "energy_range": [
          3000,
          4000
        ],
        "delay": 500,
        "shore": 0,
        "cargo_range": [
          6,
          24
        ]
      },
      "D": {
        "prob": 0.15,
        "energy_range": [
          4000,
          4000
        ],
        "delay": 1500,
        "shore": 1,
        "cargo_range": [
          6,
          12
        ]
      }
    },
    "shore_cap": 2,
    "battery_slots": 2,
    "deadline_tightness": 1.0,
    "brown_available": true,
    "wait_cost": 0.0,
    "infeasible_penalty": 10000,
    "cargo_time_scale": 1.0
  },
  "demand": [
    4000.0,
    3388.392367328894,
    3184.0113145687824,
    7813.777131225959,
    3744.4143692610382,
    7364.120737675637,
    4689.106354475569,
    3855.6593885489274,
    3772.008445664536,
    4000.0,
    3964.0078843208194,
    3994.9281992213223,
    3154.27395120608,
    3974.105512406798,
    3364.4555876364398,
    4000.0,
    6437.580935350289,
    3314.7806127788713,
    6506.6894104024,
    4000.0,
    3216.462180078884,
    4000.0,
    4162.099239153344,
    4000.0,
    3214.930847173461,
    3422.2463654696066,
    4418.523452814065,
    4566.721344723086,
    4961.572283609823,
    3753.717205471633,
    6957.7125487741805,
    3268.48615998991,
    4000.0,
    3340.4905606913608,
    3333.1620434744327,
    6374.011819043072,
    6312.451222965162,
    3209.71280478685,
    3298.4862064714625,
    3280.9661667790524,
    3511.613267092316,
    3029.5575745915303,
    4889.6796010174385,
    7779.426711715025,
    3529.788200933435,
    3736.0172524516793,
    4490.013205674366,
    3487.7570203339133,
    4914.021492470793,
    6280.18531775502,
    3975.2171390564217,
    3735.7258020469994,
    4000.0,
    3838.1216374118226,
    3508.738807224671,
    3643.2203411372534,
    4497.0666115584445,
    3403.582831886265,
    3897.888885335838,
    4289.194669423696,
    3314.0244478141362,
    4000.0,
    6087.769976555879,
    3965.6692953016673,
    4000.0,
    4584.2274230893745,
    3451.387066988782,
    4083.7612901416032,
    4000.03196770146,
    4422.757319134747,
    7686.532179732001,
    4855.480167006236,
    4352.209037632285,
    4131.872151807955,
    3161.384612950902
  ],
  "arrival_times": [
    5.470649751242072,
    4.188904943550233,
    3.7149805560913878,
    4.069034880118468,
    2.5968342917462612,
    1.3808056367640047,
    2.3946676029099816,
    5.188538228721411,
    0.5177272627436382,
    5.069667471087137,
    2.2320121546811924,
    1.4876793900534713,
    3.9123849977185445,
    2.8294806523977236,
    0.7696161588518917,
    5.676488039706599,
    6.332964800520513,
    0.3544920026991951,
    5.0073819940811415,
    1.998898386232228,
    3.4180499329577847,
    6.324107978094139,
    4.252813513576649,
    0.10429945676021024,
    0.159000429562421,
    3.1233442441514905,
    7.162416228349779,
    1.8524298256168086,
    3.5548170363620866,
    1.1525840450287115,
    6.477487527103333,
    3.0572950079830212,
    2.855404583500733,
    2.054830393445716,
    6.686991004157287,
    3.4923922993254255,
    0.39796065801648695,
    6.430002308115582,
    2.0280299575344856,
    1.4562199900264226,
    1.869522326947573,
    4.348700427276484,
    7.702976973509903,
    2.2739253232775374,
    3.6511617350123355,
    4.903632285184965,
    7.806533766295942,
    7.627413386401393,
    3.195932487520375,
    2.982970979659161,
    3.4318256906931035,
    0.8868249483888224,
    6.641255158652458,
    7.10765984015199,
    3.004653757332214,
    5.8022986123522475,
    5.933437156591411,
    3.519184760423988,
    6.846058577280191,
    7.830406795162583,
    7.674729427987601,
    3.479474694600719,
    1.4652780783116395,
    6.293708058489029,
    7.560466829177769,
    4.130440562046839,
    2.2415079509883586,
    7.276640237771381,
    6.9295961906815124,
    3.9130685841931463,
    6.961999870562514,
    3.1159890309777563,
    0.20961302351513034,
    0.7531476389681062,
    3.7900238061374063
  ],
  "service_times": [
    4.5,
    4.0,
    3.75,
    8.75,
    4.25,
    8.25,
    5.25,
    4.5,
    4.25,
    4.5,
    4.5,
    4.5,
    3.75,
    4.5,
    3.75,
    4.5,
    7.25,
    3.75,
    7.25,
    4.5,
    3.75,
    4.5,
    4.75,
    4.5,
    3.75,
    4.0,
    5.0,
    5.25,
    5.75,
    4.25,
    7.75,
    3.75,
    4.5,
    3.75,
    3.75,
    7.25,
    7.25,
    3.75,
    3.75,
    3.75,
    4.0,
    3.5,
    5.5,
    8.75,
    4.0,
    4.25,
    5.0,
    4.0,
    5.5,
    7.0,
    4.5,
    4.25,
    4.5,
    4.5,
    4.0,
    4.25,
    5.0,
    4.0,
    4.5,
    5.0,
    3.75,
    4.5,
    7.0,
    4.5,
    4.5,
    5.25,
    4.0,
    4.75,
    4.5,
    5.0,
    8.75,
    5.5,
    5.0,
    4.75,
    3.75
  ],
  "cargo_times": [
    6.087291602283239,
    20.015918104867026,
    9.711787016685962,
    8.072081418376477,
    8.113578841657898,
    6.3611967901667565,
    8.44560376131675,
    16.390445072319295,
    14.67134828044505,
    7.788423458043328,
    13.415469514719353,
    21.240645685959183,
    7.834559874147722,
    18.231884526667955,
    23.626441025683683,
    8.72681165458191,
    15.925029747302345,
    18.045471042534313,
    18.071954962886302,
    8.192363998830176,
    8.555438543095358,
    11.667738000759972,
    8.255028564119954,
    8.150798517655856,
    12.320158908009603,
    20.530378947287666,
    11.34066544617601,
    13.745064976633714,
    20.10128684207829,
    14.740356800029335,
    16.27026523121231,
    9.931335074707624,
    9.107159765980812,
    22.2748199628771,
    20.927115203087904,
    15.864686615498576,
    15.595502892970664,
    17.34609767297877,
    18.49648171117358,
    23.176889423198748,
    10.742976337016973,
    11.952439523598454,
    13.148028873657886,
    7.3043122179879685,
    22.756056825308104,
    7.709608264775335,
    19.49595304684904,
    16.963770606268017,
    12.207994907509056,
    21.905557805817423,
    16.627531712007112,
    7.561272956347385,
    10.311876630375451,
    12.526672908264977,
    23.16059120581081,
    23.740540064051117,
    17.66865248001857,
    13.893749957791343,
    13.792426004706742,
    7.17380061004809,
    17.04999049864786,
    7.664408574085436,
    8.381234157454925,
    13.968099669815341,
    6.511819477959341,
    8.575367852440094,
    14.117621395741724,
    23.872419218960815,
    7.389862149644609,
    19.45122801699843,
    6.116874832563964,
    18.589864439999566,
    18.35098051743963,
    14.92310656654179,
    15.106013933335024
  ],