{
  "N": 75,
  "seed": 8,
  "scenario": "U",
  "mechanism": "hybrid",
  "params": {
    "time_step_hours": 0.25,
    "arrival_window_hours": 8.0,
    "shore_power_kw": 900,
    "battery_swap_hours": 0.75,
    "peaked_arrival_mean_hours": 4.0,
    "peaked_arrival_std_hours": 1.0,
    "peaked_arrival_uniform_mix": 0.3,
    "long_service_shift_hours": 4.0,
    "battery_cost": 0.45,
    "shore_cost": 0.15,
    "brown_cost": 0.9,
    "ship_type_defs": {
      "A": {
        "prob": 0.2,
        "energy_range": [
          6000,
          8000
        ],
        "delay": 2000,
        "shore": 1,
        "cargo_range": [
          6,
          24
        ]
      },
      "B": {
        "prob": 0.5,
        "energy_range": [
          3000,
          5000
        ],
        "delay": 800,
        "shore": 1,
        "cargo_range": [
          6,
          24
        ]
      },
      "C": {
        "prob": 0.15,
        "energy_range": [
          3000,
          4000
        ],
        "delay": 500,
        "shore": 0,
        "cargo_range": [
          6,
          24
        ]
      },
      "D": {
        "prob": 0.15,
        "energy_range": [
          4000,
          4000
        ],
        "delay": 1500,
        "shore": 1,
        "cargo_range": [
          6,
          12
        ]
      }
    },
    "shore_cap": 2,
    "battery_slots": 2,
    "deadline_tightness": 1.0,
    "brown_available": true,
    "wait_cost": 0.0,
    "infeasible_penalty": 10000,
    "cargo_time_scale": 1.0
  },
  "demand": [
    3553.992313571179,
    4000.0,
    3303.1210413762437,
    3998.761145088269,
    4000.0,
    3232.79942051087,
    4586.321539656097,
    3437.4092865229513,
    6534.583874137723,
    4391.4174246794555,
    3154.841988889614,
    3271.8285559274273,
    7744.224295399018,
    7788.800144055622,
    3729.8885924192487,
    4039.650568051224,
    3338.5746295009717,
    4607.407268554314,
    4020.3835647595906,
    4757.976975766231,
    4000.0,
    7941.254233954518,
    3908.7267711228824,
    4828.614288473749,
    6114.6107998974485,
    7676.842709401216,
    3118.2052020574883,
    3333.035042795463,
    3706.605932242793,
    4921.9611968092195,
    3945.8858065619406,
    3546.8480640037183,
    6077.12013262281,
    4287.594995470163,
    6874.557765396109,
    4495.551901267207,
    4472.973573911271,
    3080.108537628696,
    4000.0,
    7694.070954942304,
    4000.0,
    3106.274357661512,
    4000.0,
    6413.535538696679,
    3122.5994643953463,
    3856.7094110186276,
    3595.6787027646833,
    4091.597415526436,
    3873.722980362591,
    4512.05693214102,
    3357.475162338758,
    4733.915319600131,
    4866.705474611332,
    3198.813212372664,
    3124.954582559394,
    4591.269335616607,
    6922.061002216732,
    3059.95376013194,
    4995.15394216255,
    7069.157224074477,
    4374.605306470308,
    6613.0434455911945,
    3548.218917226608,
    3101.1598563132834,
    4682.6244306206045,
    7403.089424656343,
    3518.4053585903976,
    3223.3150081310378,
    3553.298181044649,
    4000.0,
    4491.868539885514,
    4060.1492289567686,
    4853.768827914472,
    3970.5971581639806,
    7657.727009596974
  ],
  "arrival_times": [
    1.473172630859363,
    2.7254745634815487,
    1.3604705491821907,
    3.822265962828742,
    7.738949575995554,
    5.916601173250884,
    2.487540725472793,
    2.4516533463392474,
    6.256909489731379,
    7.795903835897367,
    4.915748856583395,
    2.053178004118452,
    3.5952400747757416,
    1.2615360150366763,
    3.473655154119167,
    7.123282961717933,
    1.6214348618624355,
    3.5338501468020587,
    5.057907380422141,
    7.585998440307023,
    5.035300099641509,
    3.5445228869243532,
    5.226517261606958,
    2.356946001731095,
    0.7923744997751854,
    6.659142541055233,
    3.733027599233945,
    7.414160854083101,
    1.502549178351595,
    0.10426746639367401,
    4.119001183362918,
    5.705692046784638,
    7.917536080359751,
    5.102559509097396,
    0.736382482964939,
    4.46847717094076,
    3.089639961094524,
    1.4788833570748006,
    6.553084894043291,
    5.714798644195633,
    6.468002858898347,
    4.881698871551844,
    5.58114017788196,
    5.493145835754708,
    2.030680764064668,
    4.478646464289588,
    6.980142386110027,
    2.9585814144385907,
    1.333017851191241,
    0.1757202755047116,
    0.6320610706593381,
    3.484000476853195,
    0.1577938136569612,
    5.428406341485817,
    5.792716674449344,
    7.4781240625374865,
    5.943164501184214,
    3.4137565020672733,
    6.212292425083404,
    6.069612394189625,
    0.5247098895164859,
    0.21370565029078392,
    1.5514758038552818,
    7.590002867657352,
    3.04705881590458,
    6.543199176805607,
    2.916765477844881,
    5.198489238465786,
    2.9860657653074663,
    6.568258189605955,
    4.123994448536837,
    7.557864688741441,
    6.498242129325192,
    7.841695892175339,
    2.6520758226146617
  ],
  "service_times": [
    4.0,
    4.5,
    3.75,
    4.5,
    4.5,
    3.75,
    5.25,
    4.0,
    7.5,
    5.0,
    3.75,
    3.75,
    8.75,
    8.75,
    4.25,
    4.5,
    3.75,
    5.25,
    4.5,
    5.5,
    4.5,
    9.0,
    4.5,
    5.5,
    7.0,
    8.75,
    3.5,
    3.75,
    4.25,
    5.5,
    4.5,
    4.0,
    7.0,
    5.0,
    7.75,
    5.0,
    5.0,
    3.5,
    4.5,
    8.75,
    4.5,
    3.5,
    4.5,
    7.25,
    3.5,
    4.5,
    4.0,
    4.75,
    4.5,
    5.25,
    3.75,
    5.5,
    5.5,
    3.75,
    3.5,
    5.25,
    7.75,
    3.5,
    5.75,
    8.0,
    5.0,
    7.5,
    4.0,
    3.5,
    5.25,
    8.25,
    4.0,
    3.75,
    4.0,
    4.5,
    5.0,
    4.75,
    5.5,
    4.5,
    8.75
  ],
  "cargo_times": [
    17.64499622696918,
    8.556150285755999,
    10.483237839176503,
    11.514193160257935,
    9.084643912303997,
    8.712317685647838,
    14.854362460091005,
    22.312686785845187,
    18.344108279148507,
    7.7064316018624925,
    19.91135736718254,
    9.521293210899149,
    15.915083527764722,
    21.962970074440502,
    7.554354335054047,
    10.600787909381852,
    13.800380018134767,
    23.003501557085137,
    15.143402638084222,
    16.46150880190055,
    8.98338777408432,
    18.71120707195292,
    8.915181956526261,
    7.072053040749987,
    6.309101386955783,
    18.955167949519335,
    7.047953208251419,
    18.461589747406776,
    20.586587740106694,
    17.730517723869774,
    21.676932362343944,
    18.964460327038992,
    10.744680121984771,
    19.464389118910248,
    14.396707296953974,
    19.242777712875736,
    22.23870078592639,
    11.267635784830805,
    11.365457175664254,
    14.077355345891702,
    9.527326864248607,
    21.19429043625332,
    6.084013388478187,
    10.031302467517676,
    23.301067355112174,
    16.04820267344511,
    22.983957497499656,
    12.155857874995501,
    11.557786661645949,
    21.67366653423335,
    6.5359354675778825,
    17.664936071951928,
    12.035256108790666,
    22.18658763760232,
    20.10169277540593,
    21.143770648321315,
    10.053933523537676,
    14.455027156803176,
    12.19844036569756,
    8.621693877347992,
    21.059082018883224,
    15.625523664112182,
    11.210377086583142,
    13.398934445525278,
    19.680889758713757,
    13.000095994067735,
    17.008274661457147,
    20.74313503830072,
    12.515142385438708,
    8.729548037250304,
    13.281894467349892,
    17.032338063626007,
    21.257349370865477,
    11.943845941501355,
    15.575656815875181
  ],