{
  "N": 75,
  "seed": 9,
  "scenario": "U",
  "mechanism": "hybrid",
  "params": {
    "time_step_hours": 0.25,
    "arrival_window_hours": 8.0,
    "shore_power_kw": 900,
    "battery_swap_hours": 0.75,
    "peaked_arrival_mean_hours": 4.0,
    "peaked_arrival_std_hours": 1.0,
    "peaked_arrival_uniform_mix": 0.3,
    "long_service_shift_hours": 4.0,
    "battery_cost": 0.45,
    "shore_cost": 0.15,
    "brown_cost": 0.9,
    "ship_type_defs": {
      "A": {
        "prob": 0.2,
        "energy_range": [
          6000,
          8000
        ],
        "delay": 2000,
        "shore": 1,
        "cargo_range": [
          6,
          24
        ]
      },
      "B": {
        "prob": 0.5,
        "energy_range": [
          3000,
          5000
        ],
        "delay": 800,
        "shore": 1,
        "cargo_range": [
          6,
          24
        ]
      },
      "C": {
        "prob": 0.15,
        "energy_range": [
          3000,
          4000
        ],
        "delay": 500,
        "shore": 0,
        "cargo_range": [
          6,
          24
        ]
      },
      "D": {
        "prob": 0.15,
        "energy_range": [
          4000,
          4000
        ],
        "delay": 1500,
        "shore": 1,
        "cargo_range": [
          6,
          12
        ]
      }
    },
    "shore_cap": 2,
    "battery_slots": 2,
    "deadline_tightness": 1.0,
    "brown_available": true,
    "wait_cost": 0.0,
    "infeasible_penalty": 10000,
    "cargo_time_scale": 1.0
  },
  "demand": [
    4000.0,
    3844.63171277127,
    3820.224302176506,
    3363.691467736931,
    3333.285816161293,
    4000.0,
    4000.0,
    4000.0,
    7290.402434001346,
    3223.833711311361,
    3708.895363792011,
    6530.600768877727,
    6511.808319345013,
    3597.121373435355,
    4000.0,
    3388.831781834487,
    4727.236684217522,
    3979.1453460267003,
    3835.2093958970945,
    3769.9030209003927,
    3835.900839136013,
    3981.8016241896175,
    4000.0,
    4000.0,
    4000.0,
    4000.0,
    3719.5555855288703,
    4544.664784911606,
    4000.0,
    7939.397796197494,
    4376.2939351868135,
    3339.5682148095843,
    3160.3059711368533,
    3309.7134761754332,
    6296.456829855707,
    6634.073469142895,
    6646.015969458066,
    4000.0,
    6738.079344688404,
    4021.1066841327847,
    4675.049367902593,
    4250.529365107604,
    3837.1942437050875,
    6896.481029052884,
    4000.0,
    3672.3620792418246,
    4858.308108344514,
    7860.633796596159,
    4782.625531180686,
    4562.5499586920205,
    3873.5069560913907,
    7990.393008372146,
    3303.5817877904456,
    4867.451901676574,
    3084.816581381534,
    3376.602357181873,
    3645.8371136276123,
    6465.996264749489,
    7915.660786005297,
    6941.042153059298,
    3504.343794308801,
    4079.5135134737097,
    3568.899475563321,
    3669.4269133455978,
    4325.066981597645,
    3913.560957900494,
    3479.3323761388147,
    6606.619707131881,
    4172.6689309302055,
    6908.591828090974,
    6986.948663834077,
    4000.0,
    4222.273091724756,
    3088.189308723097,
    4257.751768001863
  ],
  "arrival_times": [
    4.575127221560094,
    6.359726982324716,
    4.985199875290247,
    4.0825168062841195,
    4.452343117236513,
    4.551337876196949,
    2.7362087295189186,
    5.342071497541981,
    3.25492484733216,
    5.236138504124162,
    3.878187384064957,
    5.9874738541101005,
    5.544485669200212,
    0.3155684521391482,
    6.257248923791754,
    7.173499788681384,
    2.648245851133682,
    5.863437173835241,
    6.762366615305609,
    3.9904608397121795,
    1.0326763480151238,
    5.851677519543837,
    6.709506280072895,
    2.492269681739236,
    1.7484293135830624,
    6.133290304779736,
    4.129385474272093,
    0.1201561296252116,
    1.565116230130112,
    1.7387349844887456,
    4.652952054092587,
    4.472260595304118,
    4.136426603010587,
    2.7284193225310442,
    3.1391335421132425,
    4.003210617427659,
    4.550834724835192,
    4.520270082290481,
    5.723616145111422,
    7.953430890240643,
    5.990581310839601,
    3.924410679425929,
    7.816125736962803,
    1.0008276434234817,
    7.621478933461548,
    4.007357376266158,
    3.8671055601417796,
    6.7927254517047295,
    4.870399721018727,
    6.5727989086126275,
    2.951409729483464,
    4.428948344005259,
    5.190672818362165,
    1.8899696926314276,
    6.110681333979378,
    1.2440603201093348,
    1.0653483692004695,
    2.1565786672234823,
    6.479393423406239,
    3.8041508871192775,
    0.28017103619819217,
    1.5820620263580532,
    4.508246044766638,
    0.48702179012586466,
    2.528724273540363,
    1.6921419250170366,
    5.516134092497745,
    1.1604052132357836,
    2.963246155090153,
    3.5955375754683274,
    7.21159627899963,
    3.2320479499137127,
    1.0879165628218663,
    3.37225433608916,
    2.97171587431382
  ],
  "service_times": [
    4.5,
    4.5,
    4.25,
    3.75,
    3.75,
    4.5,
    4.5,
    4.5,
    8.25,
    3.75,
    4.25,
    7.5,
    7.25,
    4.0,
    4.5,
    4.0,
    5.5,
    4.5,
    4.5,
    4.25,
    4.5,
    4.5,
    4.5,
    4.5,
    4.5,
    4.5,
    4.25,
    5.25,
    4.5,
    9.0,
    5.0,
    3.75,
    3.75,
    3.75,
    7.0,
    7.5,
    7.5,
    4.5,
    7.5,
    4.5,
    5.25,
    4.75,
    4.5,
    7.75,
    4.5,
    4.25,
    5.5,
    8.75,
    5.5,
    5.25,
    4.5,
    9.0,
    3.75,
    5.5,
    3.5,
    4.0,
    4.25,
    7.25,
    9.0,
    7.75,
    4.0,
    4.75,
    4.0,
    4.25,
    5.0,
    4.5,
    4.0,
    7.5,
    4.75,
    7.75,
    8.0,
    4.5,
    4.75,
    3.5,
    4.75
  ],
  "cargo_times": [
    6.749987261132826,
    17.77300706330699,
    23.03277530517497,
    21.712972303506568,
    13.196271255198432,
    9.232828703975272,
    11.314840116604133,
    7.938943930982013,
    20.269605637512,
    22.310636505006805,
    8.577007005321484,
    20.37101423285842,
    8.116544822273791,
    22.430221282842535,
    9.064003379757567,
    22.961724525821396,
    14.78525097556267,
    10.013678241428202,
    16.15754021896322,
    18.671437927258907,
    22.890019201756544,
    21.322157437602108,
    10.916481883733896,
    7.037183172032497,
    10.810561029887008,
    7.784179827552451,
    10.741237339512148,
    9.018075148037545,
    10.749284647430493,
    18.127184325061997,
    13.310656906242986,
    20.513243849142093,
    19.467784662368086,
    6.932288640690461,
    15.590906428286061,
    8.367609895623282,
    20.373126158775797,
    8.788882551965854,
    23.843868489355955,
    18.147124214031066,
    15.13423585632818,
    14.025976253768253,
    19.735077245042397,
    20.9330451197634,
    8.099395845107487,
    8.312964710004373,
    6.393968677482375,
    11.19629397183221,
    11.52241566401792,
    15.594295043810863,
    15.719856032225577,
    22.19944557415159,
    10.352433899830023,
    8.195737358240157,
    17.845484354140403,
    6.133252009235879,
    7.837341743874495,
    19.193555151944253,
    14.153868981105221,
    7.015879087215183,
    9.52876868093228,
    7.88757436442888,
    21.62576975424479,
    20.46155994187486,
    7.973926966063126,
    15.372190985292766,
    9.505901030344592,
    19.46801810860606,
    13.366272995363952,
    14.152363933267162,
    16.044489181324508,
    6.107429512097413,
    7.359313005126622,
    23.18754878216373,
    15.118653218245587
  ],