{
  "N": 75,
  "seed": 5,
  "scenario": "U",
  "mechanism": "hybrid",
  "params": {
    "time_step_hours": 0.25,
    "arrival_window_hours": 8.0,
    "shore_power_kw": 900,
    "battery_swap_hours": 0.75,
    "peaked_arrival_mean_hours": 4.0,
    "peaked_arrival_std_hours": 1.0,
    "peaked_arrival_uniform_mix": 0.3,
    "long_service_shift_hours": 4.0,
    "battery_cost": 0.45,
    "shore_cost": 0.15,
    "brown_cost": 0.9,
    "ship_type_defs": {
      "A": {
        "prob": 0.2,
        "energy_range": [
          6000,
          8000
        ],
        "delay": 2000,
        "shore": 1,
        "cargo_range": [
          6,
          24
        ]
      },
      "B": {
        "prob": 0.5,
        "energy_range": [
          3000,
          5000
        ],
        "delay": 800,
        "shore": 1,
        "cargo_range": [
          6,
          24
        ]
      },
      "C": {
        "prob": 0.15,
        "energy_range": [
          3000,
          4000
        ],
        "delay": 500,
        "shore": 0,
        "cargo_range": [
          6,
          24
        ]
      },
      "D": {
        "prob": 0.15,
        "energy_range": [
          4000,
          4000
        ],
        "delay": 1500,
        "shore": 1,
        "cargo_range": [
          6,
          12
        ]
      }
    },
    "shore_cap": 2,
    "battery_slots": 2,
    "deadline_tightness": 1.0,
    "brown_available": true,
    "wait_cost": 0.0,
    "infeasible_penalty": 10000,
    "cargo_time_scale": 1.0
  },
  "demand": [
    3505.105253100372,
    3534.993014747708,
    3988.6037984769064,
    3085.985129809227,
    6954.348951805631,
    3040.2452358251217,
    3981.2742086969647,
    7459.157248255449,
    7126.0764407127435,
    4000.0,
    4105.22685822306,
    3382.2255618054755,
    4492.918958659114,
    4000.0,
    4000.0,
    3016.676838270571,
    4722.525064500551,
    4379.245200378132,
    3131.1658733146764,
    7355.852686140894,
    4098.062082221045,
    3548.6958534966825,
    4000.0,
    7465.468210725974,
    3386.832095892614,
    4000.0,
    3730.2679961833114,
    4000.0,
    4000.0,
    7203.140462479235,
    3890.477209697811,
    7223.090474635308,
    3203.2046958275396,
    3792.141388503007,
    3645.194343387404,
    4014.0316585537157,
    3759.802095655711,
    3965.9697030368234,
    7894.983340148607,
    4759.237628927622,
    3747.032383825637,
    3059.9974863601024,
    3458.9602528028345,
    4083.1372819370235,
    3025.1083393229974,
    4837.414786579566,
    3746.6564386587556,
    3226.711785843153,
    7602.227665980461,
    4000.0,
    7368.463194853616,
    3480.2392117018853,
    4784.877179516293,
    4000.0,
    3368.0764151101353,
    4000.0,
    3379.6296903087546,
    3850.5349829955535,
    3682.1418587149133,
    3670.8604554394888,
    3134.6079494013443,
    4893.915786556443,
    4114.380906758695,
    4134.3582125168405,
    6519.152879235538,
    4773.646200344512,
    4919.675134609305,
    4566.317170495932,
    3473.850128555205,
    6261.290132044683,
    3499.152692673727,
    3817.322947837483,
    4568.824875815798,
    3999.3380546122826,
    4357.001425714032
  ],
  "arrival_times": [
    7.528007801940815,
    7.933413735921571,
    5.789410037206371,
    6.470750472277359,
    1.2229201851653828,
    5.703122100532547,
    6.780995042036271,
    3.2098059839410515,
    4.426000318348327,
    3.835902014086897,
    7.668183998394972,
    2.5382227222137255,
    3.216676215502127,
    0.007358312886926122,
    3.3614762775450435,
    5.0514888490583205,
    7.479688753493202,
    7.389412678061877,
    2.618798506592783,
    7.910888204952154,
    1.5013995218761504,
    6.586016144288252,
    1.2580758966723566,
    3.2407892228892763,
    0.5877864944582205,
    6.864311449584139,
    6.630384567812179,
    1.1183143883417301,
    4.21685181245666,
    2.065131975330451,
    3.9342056001506895,
    4.425648047593991,
    0.8500964095900576,
    6.91500450480906,
    2.229570552274496,
    3.5769865725949863,
    0.45806877372598986,
    0.02196165126590266,
    1.56127617277589,
    2.733401472946725,
    7.42490736811659,
    7.1178263080763795,
    3.8440081331691713,
    3.6380785486606504,
    5.335944350831046,
    6.870039219678833,
    2.698380045989592,
    6.349236222069249,
    3.1918980247043507,
    4.752431059101659,
    5.8997358623218155,
    4.010857635337009,
    5.526206169653595,
    5.578507858870409,
    0.04570151942334544,
    0.3125242660465153,
    1.1923064865243962,
    1.7090810747938603,
    1.625716856756255,
    0.391724654023597,
    1.737691217998239,
    4.807578955202375,
    7.088601291442825,
    2.7960304613826494,
    2.931238391251058,
    3.3339338651581523,
    5.4427342643690455,
    6.282191617670494,
    7.527664658476755,
    3.0056003318376927,
    5.654193635791384,
    2.7330720797933594,
    6.592014389142743,
    1.8451912299107063,
    6.968109694729728
  ],
  "service_times": [
    4.0,
    4.0,
    4.5,
    3.5,
    7.75,
    3.5,
    4.5,
    8.5,
    8.0,
    4.5,
    4.75,
    4.0,
    5.0,
    4.5,
    4.5,
    3.5,
    5.25,
    5.0,
    3.5,
    8.25,
    4.75,
    4.0,
    4.5,
    8.5,
    4.0,
    4.5,
    4.25,
    4.5,
    4.5,
    8.25,
    4.5,
    8.25,
    3.75,
    4.25,
    4.25,
    4.5,
    4.25,
    4.5,
    9.0,
    5.5,
    4.25,
    3.5,
    4.0,
    4.75,
    3.5,
    5.5,
    4.25,
    3.75,
    8.5,
    4.5,
    8.25,
    4.0,
    5.5,
    4.5,
    3.75,
    4.5,
    4.0,
    4.5,
    4.25,
    4.25,
    3.5,
    5.5,
    4.75,
    4.75,
    7.25,
    5.5,
    5.5,
    5.25,
    4.0,
    7.0,
    4.0,
    4.25,
    5.25,
    4.5,
    5.0
  ],
  "cargo_times": [
    19.056192570038355,
    11.69018428714115,
    6.908107445844377,
    15.539339875249132,
    20.99647187129601,
    16.02390859257005,
    16.763948475911835,
    15.445330958459335,
    14.8521098329524,
    7.488763290317149,
    18.102962731403018,
    23.826607450150846,
    23.195962802433833,
    8.660957259568953,
    6.280149692231548,
    10.441461140875465,
    8.94649489080454,
    10.488874027052239,
    9.464758123465485,
    15.029811686103468,
    14.156957010094809,
    14.790260958836216,
    7.20896956848889,
    10.520334226516312,
    11.829216869759184,
    11.612245756033328,
    9.165078116589115,
    6.362565050692071,
    8.505921915248965,
    23.6585511130388,
    10.360573477015857,
    22.587752948782274,
    21.372700836957844,
    20.070373847255706,
    17.263011206781627,
    7.879581703112533,
    20.812996413860596,
    12.984185912500324,
    12.73757344311011,
    13.534332945889943,
    12.505697435319407,
    10.991734967534605,
    7.122198488839732,
    13.959620084974933,
    8.806543928209958,
    8.40489128134801,
    23.113978587241597,
    13.376912820870738,
    6.343502302038522,
    11.579570913163472,
    10.698682717900587,
    10.481061991278747,
    23.096541961647404,
    9.14450491999526,
    13.278880353637819,
    10.279967507468921,
    11.980996788990982,
    12.953134571655621,
    20.190361754388043,
    13.941897752623094,
    12.60252893243002,
    15.039204457056291,
    16.910096747927206,
    20.480219255319284,
    11.698465546091526,
    14.99875907143814,
    8.500961402933331,
    14.51428785351909,
    21.859356577254516,
    15.260049014188978,
    12.170920755056521,
    13.166894678037675,
    6.242807721895643,
    23.19479507626905,
    9.542666667778425
  ],