N,ci95_low,ci95_high,bootstrap_resamples
25,18.87570076025136,21.81340035843647,1000
50,7.753710684705445,8.915575353907354,1000
75,9.292003388707018,13.067826330349499,1000
90,16.23690761443774,18.816513726504144,1000
100,18.185691074673226,21.13328929008149,1000
110,18.070931410905114,19.82295143672503,1000
125,15.562055641150117,16.355739272527774,1000
150,12.221092299370666,13.181939921338959,1000
200,8.633167836826283,9.053332857915557,1000
500,3.7868847396523626,4.081734700513125,1000
