iteration,wall_time,rmp_obj,rmp_lb,best_primal_obj,columns_added_this_iter,pricing_calls_cum,min_reduced_cost_last,dual_norm
1,0.4160888000042178,192409.66254397653,192409.66254397653,192409.66254397653,123,50,-5283.578836749608,0.0
2,0.5639748999965377,192409.66254397653,192409.66254397653,192409.66254397653,129,100,-3000.0,0.0
3,0.7395215000142343,192409.66254397653,192409.66254397653,192409.66254397653,133,150,-3000.0,0.0
4,0.9345658000092953,192409.66254397653,192409.66254397653,192409.66254397653,141,200,-6190.591305969019,0.0
5,1.1714993999921717,192409.66254397653,192409.66254397653,192409.66254397653,127,250,-5283.578836749608,0.0
