iteration,wall_time,rmp_obj,rmp_lb,best_primal_obj,columns_added_this_iter,pricing_calls_cum,min_reduced_cost_last,dual_norm
1,0.27890480001224205,225761.8629149794,225761.8629149794,225761.8629149794,129,50,-5704.715839587803,0.0
2,0.4022832000046037,225761.8629149794,225761.8629149794,225761.8629149794,120,100,-5704.715839587803,0.0
3,0.5463627999997698,225761.8629149794,225761.8629149794,225761.8629149794,121,150,-5682.055671193645,0.0
4,0.7024428000440821,225761.8629149794,225761.8629149794,225761.8629149794,122,200,-5682.055671193645,0.0
5,0.8692600000067614,225761.8629149794,225761.8629149794,225761.8629149794,126,250,-11344.088460178848,0.0
