iteration,wall_time,rmp_obj,rmp_lb,best_primal_obj,columns_added_this_iter,pricing_calls_cum,min_reduced_cost_last,dual_norm
1,0.33002290001604706,234162.06951325817,234162.06951325817,234162.06951325817,135,50,-4805.743912771304,0.0
2,0.46980369999073446,234162.06951325817,234162.06951325817,234162.06951325817,135,100,-5812.024830048669,0.0
3,0.6442996999830939,234162.06951325817,234162.06951325817,234162.06951325817,137,150,-6612.024832888474,0.0
4,0.8440411000046879,234162.06951325817,234162.06951325817,234162.06951325817,139,200,-5812.024830048669,0.0
5,1.0352946000057273,234162.06951325817,234162.06951325817,234162.06951325817,137,250,-10012.025032888474,0.0
