iteration,wall_time,rmp_obj,rmp_lb,best_primal_obj,columns_added_this_iter,pricing_calls_cum,min_reduced_cost_last,dual_norm
1,0.29686970001785085,268513.7632345112,268513.7632345112,268513.7632345112,120,50,-5205.781577041105,0.0
2,0.4167714000213891,268513.7632345112,268513.7632345112,268513.7632345112,114,100,-3880.7346629981603,0.0
3,0.5527325000148267,268513.7632345112,268513.7632345112,268513.7632345112,129,150,-3880.734638489009,0.0
4,0.7042589000193402,268513.7632345112,268513.7632345112,268513.7632345112,125,200,-7111.625662998161,0.0
5,0.8647714999970049,268513.7632345112,268513.7632345112,268513.7632345112,123,250,-7804.108958330441,0.0
