iteration,wall_time,rmp_obj,rmp_lb,best_primal_obj,columns_added_this_iter,pricing_calls_cum,min_reduced_cost_last,dual_norm
1,0.22162170003866777,234123.22566428687,234123.22566428687,234123.22566428687,135,50,-5975.624921218014,0.0
2,0.3112083000014536,234123.22566428687,234123.22566428687,234123.22566428687,121,100,-4675.064742965699,0.0
3,0.41607200005091727,234123.22566428722,234123.22566428722,234123.22566428722,138,150,-4675.064810235779,0.0
4,0.5460637000505812,234123.22566428687,234123.22566428687,234123.22566428687,137,200,-3625.988076613794,0.0
5,0.6789584000362083,234123.22566428687,234123.22566428687,234123.22566428687,137,250,-4530.5015664556795,0.0
