iteration,wall_time,rmp_obj,rmp_lb,best_primal_obj,columns_added_this_iter,pricing_calls_cum,min_reduced_cost_last,dual_norm
1,0.16721149999648333,280819.14682657167,280819.14682657167,280819.14682657167,121,50,-3522.9850145960727,0.0
2,0.2774222000152804,280819.14682657167,280819.14682657167,280819.14682657167,135,100,-7230.739914167674,0.0
3,0.4022574999835342,280819.14682657167,280819.14682657167,280819.14682657167,116,150,-12636.611384682483,0.0
4,0.5172674999921583,268450.3418648411,268450.3418648411,268450.3418648411,95,200,-8111.440891544682,0.0
5,0.6269225999712944,255022.96175423005,255022.96175423005,255022.96175423005,101,250,-3497.7735632839867,0.0
