iteration,wall_time,rmp_obj,rmp_lb,best_primal_obj,columns_added_this_iter,pricing_calls_cum,min_reduced_cost_last,dual_norm
1,0.3212900999933481,220165.32580813463,220165.32580813463,220165.32580813463,129,50,-5975.624921218014,0.0
2,0.4351933999569155,220165.32580813463,220165.32580813463,220165.32580813463,123,100,-4370.025942965699,0.0
3,0.5832287999801338,220165.32580813463,220165.32580813463,220165.32580813463,135,150,-7119.218156608336,0.0
4,0.7518849999760278,220165.32580813463,220165.32580813463,220165.32580813463,130,200,-5975.624856608337,0.0
5,0.9253122999798506,220165.32580813463,220165.32580813463,220165.32580813463,129,250,-6932.254509805789,0.0
