iteration,wall_time,rmp_obj,rmp_lb,best_primal_obj,columns_added_this_iter,pricing_calls_cum,min_reduced_cost_last,dual_norm
1,0.37501340004382655,322525.19043588475,322525.19043588475,322525.19043588475,129,50,-5871.730751395919,0.0
2,0.5091838000225835,322525.19043588475,322525.19043588475,322525.19043588475,141,100,-5090.220934873236,0.0
3,0.6569771000067703,322525.19043588475,322525.19043588475,322525.19043588475,147,150,-5208.724848903256,0.0
4,0.8370113000273705,322525.19043588475,322525.19043588475,322525.19043588475,144,200,-5414.901726448917,0.0
5,1.0430673000519164,322525.19043588475,322525.19043588475,322525.19043588475,143,250,-5772.350726448917,0.0
