iteration,wall_time,rmp_obj,rmp_lb,best_primal_obj,columns_added_this_iter,pricing_calls_cum,min_reduced_cost_last,dual_norm
1,0.29753359995083883,204385.5097238202,204385.5097238202,204385.5097238202,126,50,-5871.730751395919,0.0
2,0.4280430999933742,204385.5097238202,204385.5097238202,204385.5097238202,141,100,-3738.382834873236,0.0
3,0.5721314999973401,204385.5097238202,204385.5097238202,204385.5097238202,146,150,-3738.382834873236,0.0
4,0.7296249999781139,204385.5097238202,204385.5097238202,204385.5097238202,144,200,-4945.697497433375,0.0
5,0.9083572999807075,204385.5097238202,204385.5097238202,204385.5097238202,135,250,-5283.578836749608,0.0
