iteration,wall_time,rmp_obj,rmp_lb,best_primal_obj,columns_added_this_iter,pricing_calls_cum,min_reduced_cost_last,dual_norm
1,0.3020109999924898,205460.80537526956,205460.80537526956,205460.80537526956,116,50,-5975.624921218014,0.0
2,0.419399100006558,205460.80537526956,205460.80537526956,205460.80537526956,119,100,-4058.3549429656996,0.0
3,0.5736955999745987,205460.80537526956,205460.80537526956,205460.80537526956,129,150,-6928.619256608336,0.0
4,0.7236312999739312,205460.80537526956,205460.80537526956,205460.80537526956,117,200,-5975.624856608337,0.0
5,0.8942382999812253,205460.80537526956,205460.80537526956,205460.80537526956,132,250,-4973.266645380544,0.0
