iteration,wall_time,rmp_obj,rmp_lb,best_primal_obj,columns_added_this_iter,pricing_calls_cum,min_reduced_cost_last,dual_norm
1,0.3284814999788068,188712.37201948318,188712.37201948318,188712.37201948318,140,50,-4805.743912771304,0.0
2,0.45066440000664443,188712.37201948318,188712.37201948318,188712.37201948318,135,100,-5662.4049300486695,0.0
3,0.6040547000011429,188712.37201948318,188712.37201948318,188712.37201948318,135,150,-6161.570832888474,0.0
4,0.7677118999999948,188712.37201948318,188712.37201948318,188712.37201948318,138,200,-7552.4220016403215,0.0
5,0.9584157000062987,188712.37201948318,188712.37201948318,188712.37201948318,145,250,-7864.873532888474,0.0
