iteration,wall_time,rmp_obj,rmp_lb,best_primal_obj,columns_added_this_iter,pricing_calls_cum,min_reduced_cost_last,dual_norm
1,0.2994281999999657,164840.34872308132,164840.34872308132,164840.34872308132,123,50,-5250.024004844781,0.0
2,0.41573779995087534,164840.34872308132,164840.34872308132,164840.34872308132,126,100,-5250.024004844781,0.0
3,0.555663299979642,164840.34872308132,164840.34872308132,164840.34872308132,125,150,-5450.547252889539,0.0
4,0.7269057999947108,164840.34872308458,164840.34872308458,164840.34872308458,113,200,-6000.000034032761,0.0
5,0.9049410999868996,163581.72202418433,163581.72202418433,163581.72202418433,127,250,-5720.621877228807,0.0
