iteration,wall_time,rmp_obj,rmp_lb,best_primal_obj,columns_added_this_iter,pricing_calls_cum,min_reduced_cost_last,dual_norm
1,0.30508200003532693,201181.34957911255,201181.34957911255,201181.34957911255,123,50,-5871.730751395919,0.0
2,0.42594799998914823,201181.34957911255,201181.34957911255,201181.34957911255,135,100,-3000.0,0.0
3,0.5593135000090115,201181.34957911255,201181.34957911255,201181.34957911255,143,150,-3000.0,0.0
4,0.7232732000411488,201181.34957911255,201181.34957911255,201181.34957911255,141,200,-5283.578797433376,0.0
5,0.9153734000283293,201181.34957911255,201181.34957911255,201181.34957911255,131,250,-5324.237326448917,0.0
