iteration,wall_time,rmp_obj,rmp_lb,best_primal_obj,columns_added_this_iter,pricing_calls_cum,min_reduced_cost_last,dual_norm
1,0.31413070001872256,212023.10300977074,212023.10300977074,212023.10300977074,138,50,-4915.276240321045,0.0
2,0.43520569999236614,212023.10300977074,212023.10300977074,212023.10300977074,129,100,-4915.276245309669,0.0
3,0.5922553999698721,212023.10300977074,212023.10300977074,212023.10300977074,132,150,-4915.276292778994,0.0
4,0.7576985000050627,212023.10300977074,212023.10300977074,212023.10300977074,134,200,-5634.787506253264,0.0
5,0.9330499999923632,212023.10300977074,212023.10300977074,212023.10300977074,137,250,-6630.857892778993,0.0
