iteration,wall_time,rmp_obj,rmp_lb,best_primal_obj,columns_added_this_iter,pricing_calls_cum,min_reduced_cost_last,dual_norm
1,0.32052130001829937,275291.0103553299,275291.0103553299,275291.0103553299,129,50,-5704.715839587803,0.0
2,0.4400261999689974,275291.0103553299,275291.0103553299,275291.0103553299,120,100,-5704.715839587803,0.0
3,0.5837003000197001,275291.0103553299,275291.0103553299,275291.0103553299,120,150,-5704.715839587803,0.0
4,0.7392789999721572,275291.0103553299,275291.0103553299,275291.0103553299,126,200,-5682.055671193645,0.0
5,0.9239238000009209,275291.0103553299,275291.0103553299,275291.0103553299,127,250,-10369.722460178848,0.0
