iteration,wall_time,rmp_obj,rmp_lb,best_primal_obj,columns_added_this_iter,pricing_calls_cum,min_reduced_cost_last,dual_norm
1,0.5294219999923371,221624.07009034225,221624.07009034225,221624.07009034225,144,50,-5393.502829484139,0.0
2,0.6816739999921992,221624.07009034225,221624.07009034225,221624.07009034225,137,100,-3678.978330628115,0.0
3,0.8888680000090972,221624.07009034225,221624.07009034225,221624.07009034225,140,150,-5393.502829484139,0.0
4,1.0953920999891125,221624.07009034225,221624.07009034225,221624.07009034225,138,200,-5278.06193773348,0.0
5,1.3300850999657996,221624.07009034225,221624.07009034225,221624.07009034225,138,250,-6143.502837733479,0.0
