iteration,wall_time,rmp_obj,rmp_lb,best_primal_obj,columns_added_this_iter,pricing_calls_cum,min_reduced_cost_last,dual_norm
1,0.6331961000105366,593409.4425119432,593409.4425119432,593409.4425119432,294,100,-5919.235077102388,0.0
2,0.8024804000160657,593409.4425119432,593409.4425119432,593409.4425119432,276,200,-9059.60593977106,0.0
3,1.0113636999740265,593409.4425119432,593409.4425119432,593409.4425119432,285,300,-5476.256910676799,0.0
4,1.258025599992834,593409.4425119432,593409.4425119432,593409.4425119432,287,400,-5919.235077102388,0.0
5,1.5379960999707691,593409.4425119432,593409.4425119432,593409.4425119432,280,500,-5476.256910676799,0.0
