iteration,wall_time,rmp_obj,rmp_lb,best_primal_obj,columns_added_this_iter,pricing_calls_cum,min_reduced_cost_last,dual_norm
1,1.160585599951446,595240.1802346382,595240.1802346382,595240.1802346382,288,100,-5828.054583271061,0.0
2,1.4246208999538794,595240.1802346382,595240.1802346382,595240.1802346382,289,200,-5552.863506075608,0.0
3,1.752320499974303,595240.1802346382,595240.1802346382,595240.1802346382,285,300,-5552.863506075608,0.0
4,2.1645205999957398,595240.1802346382,595240.1802346382,595240.1802346382,285,400,-5828.0546,0.0
5,2.6540776999900118,595240.1802346382,595240.1802346382,595240.1802346382,285,500,-7959.597799274467,0.0
