iteration,wall_time,rmp_obj,rmp_lb,best_primal_obj,columns_added_this_iter,pricing_calls_cum,min_reduced_cost_last,dual_norm
1,0.10131040000123903,35835.10768824054,35835.10768824054,35835.10768824054,23,13,-2189.140416422947,0.0
2,0.17857699998421595,35835.10768824054,35835.10768824054,35835.10768824054,24,26,-2189.140416422947,0.0
3,0.25441279995720834,35835.10768824054,35835.10768824054,35835.10768824054,24,39,-1399.9376057619402,0.0
4,0.3397363999974914,35835.10768824054,35835.10768824054,35835.10768824054,21,52,-2189.140416422947,0.0
5,0.4256941999774426,35835.10768824054,35835.10768824054,35835.10768824054,27,65,-2189.14040022444,0.0
