iteration,wall_time,rmp_obj,rmp_lb,best_primal_obj,columns_added_this_iter,pricing_calls_cum,min_reduced_cost_last,dual_norm
1,0.09023480000905693,42143.01159982543,42143.01159982543,42143.01159982543,7,13,-4.926884139422327e-05,0.0
2,0.15128779999213293,42143.01159982543,42143.01159982543,42143.01159982543,0,26,0.0,0.0
