iteration,wall_time,rmp_obj,rmp_lb,best_primal_obj,columns_added_this_iter,pricing_calls_cum,min_reduced_cost_last,dual_norm
1,0.09122509998269379,43047.27054960387,43047.27054960387,43047.27054960387,15,13,-1093.2980070659323,0.0
2,0.16878509998787194,43047.27054960387,43047.27054960387,43047.27054960387,14,26,-1200.0,0.0
3,0.24144180002622306,43047.27054960387,43047.27054960387,43047.27054960387,13,39,-1119.303169,0.0
4,0.32482929999241605,42353.97256373573,42353.97256373573,42353.97256373573,13,52,-1116.7584822957529,0.0
5,0.40155850001610816,42353.97256373573,42353.97256373573,42353.97256373573,5,65,-526.9556065628321,0.0
