iteration,wall_time,rmp_obj,rmp_lb,best_primal_obj,columns_added_this_iter,pricing_calls_cum,min_reduced_cost_last,dual_norm
1,0.11936949996743351,36638.47383569412,36638.47383569412,36638.47383569412,29,13,-1914.7943221828398,0.0
2,0.18731559999287128,36638.47383569412,36638.47383569412,36638.47383569412,29,26,-1914.7943221828398,0.0
3,0.27291499997954816,36638.47383569412,36638.47383569412,36638.47383569412,21,39,-1425.922271075026,0.0
4,0.36707699997350574,36638.47383569412,36638.47383569412,36638.47383569412,27,52,-1425.922271075026,0.0
5,0.4600669000064954,36638.47383569412,36638.47383569412,36638.47383569412,26,65,-2261.110200331124,0.0
