iteration,wall_time,rmp_obj,rmp_lb,best_primal_obj,columns_added_this_iter,pricing_calls_cum,min_reduced_cost_last,dual_norm
1,0.17316720000235364,83883.42380566991,83883.42380566991,83883.42380566991,66,25,-2209.236189348654,0.0
2,0.26698939997004345,83883.42380566991,83883.42380566991,83883.42380566991,57,50,-2378.4047347037545,0.0
3,0.36964950000401586,83883.42380566991,83883.42380566991,83883.42380566991,62,75,-2378.4047331503198,0.0
4,0.4747463999665342,83883.42380566991,83883.42380566991,83883.42380566991,63,100,-2378.4047347037545,0.0
5,0.5908961999812163,83883.4238056713,83883.4238056713,83883.4238056713,62,125,-2378.4046882627813,0.0
