iteration,wall_time,rmp_obj,rmp_lb,best_primal_obj,columns_added_this_iter,pricing_calls_cum,min_reduced_cost_last,dual_norm
1,0.1976079999585636,86350.52344008256,86350.52344008256,86350.52344008256,57,25,-2368.352984636693,0.0
2,0.28326319996267557,86350.52344008256,86350.52344008256,86350.52344008256,63,50,-2331.1646800117373,0.0
3,0.38651240000035614,86350.52344008256,86350.52344008256,86350.52344008256,57,75,-2331.1646839238697,0.0
4,0.5017095999792218,86350.52344008256,86350.52344008256,86350.52344008256,54,100,-3097.5602800117376,0.0
5,0.6204772999626584,86350.52344008256,86350.52344008256,86350.52344008256,54,125,-3531.1646961232154,0.0
