delta,mean_cost,std_cost,mean_delay,mean_masking_rate,cost_increase_pct
0.0,183337.835648033,4234.791508192314,40.0,0.4969118976810778,0.0
0.5,183271.58309691708,4145.819221157994,32.5,0.5159279668003822,-0.03613686770205072
1.0,183029.19693597103,4072.70784881846,0.0,0.516207503889399,-0.1683442541857496
1.5,182912.14201934324,4066.262528042027,0.0,0.5159836684859946,-0.232190822579036
2.0,182820.77798298822,4084.01379106031,12.5,0.5191652446468246,-0.28202452767983166
