{
  "N": 75,
  "seed": 2,
  "scenario": "U",
  "mechanism": "hybrid",
  "params": {
    "time_step_hours": 0.25,
    "arrival_window_hours": 8.0,
    "shore_power_kw": 900,
    "battery_swap_hours": 0.75,
    "peaked_arrival_mean_hours": 4.0,
    "peaked_arrival_std_hours": 1.0,
    "peaked_arrival_uniform_mix": 0.3,
    "long_service_shift_hours": 4.0,
    "battery_cost": 0.45,
    "shore_cost": 0.15,
    "brown_cost": 0.9,
    "ship_type_defs": {
      "A": {
        "prob": 0.2,
        "energy_range": [
          6000,
          8000
        ],
        "delay": 2000,
        "shore": 1,
        "cargo_range": [
          6,
          24
        ]
      },
      "B": {
        "prob": 0.5,
        "energy_range": [
          3000,
          5000
        ],
        "delay": 800,
        "shore": 1,
        "cargo_range": [
          6,
          24
        ]
      },
      "C": {
        "prob": 0.15,
        "energy_range": [
          3000,
          4000
        ],
        "delay": 500,
        "shore": 0,
        "cargo_range": [
          6,
          24
        ]
      },
      "D": {
        "prob": 0.15,
        "energy_range": [
          4000,
          4000
        ],
        "delay": 1500,
        "shore": 1,
        "cargo_range": [
          6,
          12
        ]
      }
    },
    "shore_cap": 2,
    "battery_slots": 2,
    "deadline_tightness": 1.0,
    "brown_available": true,
    "wait_cost": 0.0,
    "infeasible_penalty": 10000,
    "cargo_time_scale": 1.0
  },
  "demand": [
    4887.821532854174,
    4281.5637190038615,
    3697.323344505584,
    6939.931760412854,
    4252.951471849366,
    3891.381373001006,
    6306.388634666373,
    7137.656295378236,
    4421.011171232836,
    4945.434107621248,
    3518.923251051756,
    6590.840014839466,
    4903.427841639072,
    4035.8953644402695,
    3986.3553331622643,
    4473.795972402917,
    4000.0,
    3131.4084512072236,
    4925.637323611632,
    7578.507287743152,
    4816.373588770754,
    4429.554366633171,
    4000.0,
    3042.2129714030625,
    3566.924929404731,
    4000.0,
    3936.6487637134305,
    3380.7617737539763,
    6363.260654022851,
    7229.643283255755,
    4946.209990528032,
    4000.0,
    3530.452780353279,
    3892.6158766331373,
    3340.456166835982,
    3865.334838886796,
    4977.965254714953,
    4975.705679891939,
    4000.0,
    3462.804591475761,
    4000.0,
    3176.0434609503136,
    3044.651485169873,
    3985.4329597322044,
    4052.6974790445956,
    4318.306447410175,
    3706.5842129471657,
    3437.83347642063,
    7235.384960964238,
    6514.102121802041,
    3179.1340344696896,
    4646.140886326001,
    4000.0,
    3267.3982300981916,
    3117.5624940205976,
    4000.0,
    4476.311566764491,
    3300.481343091728,
    4511.171274335775,
    7311.856785528203,
    6043.60038942777,
    7558.127705594027,
    3697.679512932329,
    6100.697851747423,
    6514.844832662692,
    3221.641821627708,
    6604.3493310076165,
    3218.1803578408326,
    3886.8898660930804,
    3690.044539586227,
    3140.8981210757634,
    4000.0,
    3462.5356717551663,
    3330.9690002733632,
    4627.731854767859
  ],
  "arrival_times": [
    4.052411932855842,
    7.718094471002837,
    1.8130085068730937,
    5.512217097188547,
    4.4407734311829214,
    0.3360943125494886,
    2.3691999982698695,
    7.417335483212729,
    6.2765188594399985,
    0.10264874824310599,
    2.3730106373019586,
    0.07844279237251062,
    6.619735543824623,
    0.8829407384725041,
    0.4596414301985554,
    7.855066745560789,
    3.5669590353217107,
    2.547143992509408,
    0.39210711650473673,
    3.1167622743905765,
    2.928312458097106,
    4.187846304443713,
    0.054283731851863415,
    1.1837030423217483,
    1.6790922059872502,
    3.5240361499895805,
    2.4184269304789305,
    4.906621411923191,
    2.283460844314363,
    7.277064080675359,
    7.694959665584612,
    0.4754789234872199,
    1.672477753239833,
    4.504185466047263,
    6.165281835871836,
    0.5121938505950494,
    1.4784214754390375,
    3.6537609735255137,
    5.349526068401387,
    7.226623415910493,
    6.935783708332402,
    6.350043323346061,
    0.4218571470124086,
    7.8130919463375,
    4.9170235932092545,
    0.6889265216116005,
    2.0394302031181226,
    4.966032676530327,
    3.085120935069116,
    3.572827803924337,
    6.436680524789997,
    6.592247819318229,
    4.3742958414424615,
    6.339608832435558,
    3.2480394327444353,
    7.7958546985472825,
    4.841273323408287,
    7.741583861494546,
    0.3519015364511766,
    7.061541222741603,
    4.475017500359012,
    5.709112247670378,
    1.5407598030321603,
    4.389531007927945,
    2.3142233929753537,
    0.8438438149336553,
    0.025494164944936948,
    7.254720158916831,
    5.367234520286619,
    1.6401738533320582,
    2.0625494205019503,
    3.7247544921739877,
    6.546298026155788,
    0.9410048230278374,
    7.742278641309839
  ],
  "service_times": [
    5.5,
    5.0,
    4.25,
    7.75,
    4.75,
    4.5,
    7.25,
    8.0,
    5.0,
    5.5,
    4.0,
    7.5,
    5.5,
    4.5,
    4.5,
    5.0,
    4.5,
    3.5,
    5.5,
    8.5,
    5.5,
    5.0,
    4.5,
    3.5,
    4.0,
    4.5,
    4.5,
    4.0,
    7.25,
    8.25,
    5.5,
    4.5,
    4.0,
    4.5,
    3.75,
    4.5,
    5.75,
    5.75,
    4.5,
    4.0,
    4.5,
    3.75,
    3.5,
    4.5,
    4.75,
    5.0,
    4.25,
    4.0,
    8.25,
    7.25,
    3.75,
    5.25,
    4.5,
    3.75,
    3.5,
    4.5,
    5.0,
    3.75,
    5.25,
    8.25,
    6.75,
    8.5,
    4.25,
    7.0,
    7.25,
    3.75,
    7.5,
    3.75,
    4.5,
    4.25,
    3.5,
    4.5,
    4.0,
    3.75,
    5.25
  ],
  "cargo_times": [
    10.403881722467403,
    12.481755589789548,
    7.564489802659562,
    16.59283446642169,
    18.470318535088136,
    10.342503778333668,
    13.030924869833564,
    23.289517696569984,
    19.291965912053325,
    10.819376929654618,
    13.605735076240238,
    17.719860934112443,
    8.763206865648439,
    18.19640577836827,
    22.447389136092312,
    21.879182320990243,
    7.1745810209802565,
    20.927750972364322,
    6.2518383785118035,
    19.10096157350354,
    10.866938518669212,
    10.27361186644596,
    10.471224376219645,
    18.592700336837233,
    14.773621111522399,
    7.460447274001277,
    12.390890046724401,
    14.525726430167252,
    20.38213484985426,
    11.096353551045333,
    12.214983200437379,
    10.399342358905525,
    6.2117484285805835,
    23.21549724464932,
    8.764893800229352,
    16.75625222669535,
    23.34293011240693,
    10.420249474273692,
    8.61521486228239,
    7.176792672900892,
    8.15071037271724,
    8.713301844659195,
    17.212312926459116,
    10.383954055798096,
    13.640041997807604,
    22.788009955463256,
    17.612727588148005,
    22.918189182287716,
    8.857453876807128,
    8.86472449104367,
    11.522379420031559,
    14.227058429360204,
    8.514455164605216,
    19.206283491119287,
    11.206114082651029,
    7.089117112076969,
    9.244452526956799,
    7.016578118298279,
    12.549534299204106,
    9.910249839541622,
    11.803526853174649,
    21.074024048369914,
    21.244934013748562,
    15.398061649322555,
    13.903398396610463,
    22.084199192387032,
    23.015254686643484,
    13.736958110334072,
    18.769826274401726,
    14.864909344941461,
    11.59856625597985,
    6.63546835146915,
    10.26108518222964,
    8.18367922695408,
    18.359826351714986
  ],