{
  "N": 75,
  "seed": 1,
  "scenario": "U",
  "mechanism": "hybrid",
  "params": {
    "time_step_hours": 0.25,
    "arrival_window_hours": 8.0,
    "shore_power_kw": 900,
    "battery_swap_hours": 0.75,
    "peaked_arrival_mean_hours": 4.0,
    "peaked_arrival_std_hours": 1.0,
    "peaked_arrival_uniform_mix": 0.3,
    "long_service_shift_hours": 4.0,
    "battery_cost": 0.45,
    "shore_cost": 0.15,
    "brown_cost": 0.9,
    "ship_type_defs": {
      "A": {
        "prob": 0.2,
        "energy_range": [
          6000,
          8000
        ],
        "delay": 2000,
        "shore": 1,
        "cargo_range": [
          6,
          24
        ]
      },
      "B": {
        "prob": 0.5,
        "energy_range": [
          3000,
          5000
        ],
        "delay": 800,
        "shore": 1,
        "cargo_range": [
          6,
          24
        ]
      },
      "C": {
        "prob": 0.15,
        "energy_range": [
          3000,
          4000
        ],
        "delay": 500,
        "shore": 0,
        "cargo_range": [
          6,
          24
        ]
      },
      "D": {
        "prob": 0.15,
        "energy_range": [
          4000,
          4000
        ],
        "delay": 1500,
        "shore": 1,
        "cargo_range": [
          6,
          12
        ]
      }
    },
    "shore_cap": 2,
    "battery_slots": 2,
    "deadline_tightness": 1.0,
    "brown_available": true,
    "wait_cost": 0.0,
    "infeasible_penalty": 10000,
    "cargo_time_scale": 1.0
  },
  "demand": [
    4929.935487959471,
    4000.0,
    6248.92066503096,
    4000.0,
    3463.799756924277,
    3780.1491038797235,
    3625.2614844151067,
    4043.050244264835,
    3791.1128421048575,
    6402.406401449329,
    3758.305862003818,
    4283.0271790112065,
    3762.9858652798403,
    3016.722821635377,
    4943.196826893776,
    4496.4359181532245,
    6418.5620852355705,
    3033.654569360426,
    4998.051764647875,
    4698.089043718544,
    3806.0357075271236,
    3725.3937141156966,
    3052.9690978079448,
    4000.0,
    4000.0,
    3562.0515900997093,
    4583.312411180681,
    4722.533369573988,
    7203.646895517129,
    4000.0,
    3150.4222236288088,
    7080.022410192938,
    4058.44561526072,
    3033.8922505165065,
    4349.378790869555,
    4000.0,
    6308.7072650948085,
    3288.0057500385155,
    3552.6260281903055,
    6091.974361341031,
    3383.597433447133,
    4000.0,
    4908.302673733285,
    4343.1752679614065,
    3938.7518284798844,
    3236.2104543017176,
    3187.1737060851992,
    3260.364222348109,
    6576.655977295732,
    3740.944453238159,
    4213.0161812825245,
    3429.4641446388773,
    6312.6932998071725,
    3019.834145469937,
    6432.907159998108,
    6926.48007257476,
    4000.0,
    4000.0,
    4000.0,
    4506.730836256716,
    3264.3576832383915,
    6678.389785560347,
    3837.5060346280798,
    3926.805202358586,
    3116.709856781002,
    3931.8664823285285,
    4263.504384405517,
    3064.1626972363074,
    3786.7947609394987,
    4000.0,
    6327.483308906336,
    3131.12630483684,
    4000.0,
    3698.7687177441912,
    3130.7979307233336
  ],
  "arrival_times": [
    0.1959254199469056,
    5.387679097223511,
    7.35270895707058,
    6.6146026364537684,
    7.084162133679574,
    5.282843044164187,
    1.9644181379454206,
    6.148135991170035,
    1.693397940860084,
    6.650198677315689,
    0.501743380566146,
    6.6039025071484465,
    1.3160581317928104,
    3.001175971973135,
    2.5339053324557144,
    5.53069628222193,
    1.4285750253949754,
    3.1700492977358916,
    0.046596760863847564,
    2.099957702000812,
    3.369510513831642,
    0.8473698936585956,
    5.065279568292462,
    3.0433941590922586,
    5.802351504609911,
    5.230928088547155,
    3.4498139902192495,
    6.938564045137594,
    5.057080940001336,
    6.4821948168503924,
    2.734357791520904,
    4.349354317347645,
    1.5703750809180272,
    7.969129520949023,
    1.945723714450617,
    2.054939737816822,
    0.5855205791277278,
    2.0624249519738926,
    6.105028260352426,
    5.583148565464651,
    1.0293856985373555,
    3.009908011424754,
    3.3673711569397033,
    5.319873970895686,
    3.647431704349991,
    4.692146614604251,
    6.717476828871539,
    5.811788882498964,
    2.9200581080684715,
    3.587170474755874,
    2.941596557520053,
    0.8778773120535739,
    1.6259323526991727,
    2.2704519115530486,
    2.5130711648184176,
    2.5043828705595015,
    4.613597730023616,
    7.773519804958037,
    6.197313079389856,
    6.329071585382442,
    6.07414800431664,
    4.775901844190051,
    7.341538057367302,
    5.517041243576648,
    4.002851445894968,
    0.61667046800431,
    3.907593816684191,
    1.7026479627226747,
    1.061570380374298,
    4.048519380234984,
    6.280682340775672,
    2.3600515424441557,
    6.150174079273332,
    4.205036185298033,
    1.1923841869657004
  ],
  "service_times": [
    5.5,
    4.5,
    7.0,
    4.5,
    4.0,
    4.25,
    4.25,
    4.5,
    4.25,
    7.25,
    4.25,
    5.0,
    4.25,
    3.5,
    5.5,
    5.0,
    7.25,
    3.5,
    5.75,
    5.25,
    4.25,
    4.25,
    3.5,
    4.5,
    4.5,
    4.0,
    5.25,
    5.25,
    8.25,
    4.5,
    3.75,
    8.0,
    4.75,
    3.5,
    5.0,
    4.5,
    7.25,
    3.75,
    4.0,
    7.0,
    4.0,
    4.5,
    5.5,
    5.0,
    4.5,
    3.75,
    3.75,
    3.75,
    7.5,
    4.25,
    4.75,
    4.0,
    7.25,
    3.5,
    7.25,
    7.75,
    4.5,
    4.5,
    4.5,
    5.25,
    3.75,
    7.5,
    4.5,
    4.5,
    3.5,
    4.5,
    4.75,
    3.5,
    4.25,
    4.5,
    7.25,
    3.5,
    4.5,
    4.25,
    3.5
  ],
  "cargo_times": [
    13.229452029993315,
    11.081990223802379,
    19.20462829932666,
    8.354950656075495,
    21.142103868462964,
    23.544470631881207,
    18.48521102465247,
    11.56142758336064,
    22.936815377914233,
    23.787940221963822,
    12.476164676866984,
    12.857667707275576,
    15.068453103501533,
    14.88428807898113,
    11.138374118140412,
    13.97020002126891,
    22.290046274726333,
    11.463160678791192,
    10.718642331419812,
    16.902296675802678,
    17.345719597982608,
    19.694198122502684,
    14.042633131220134,
    8.862444033824097,
    7.3350411956776345,
    12.97984408180717,
    16.892458606995262,
    19.18249507186088,
    11.177080839527923,
    7.50760546902649,
    23.3315624119781,
    19.930097355896603,
    17.008435146692786,
    9.362286228368554,
    16.270162763144967,
    11.712175612357107,
    15.185458495296336,
    18.912691069912224,
    8.4144115521921,
    9.147039682157224,
    15.665497432292266,
    11.743766203521224,
    20.337829988431746,
    21.210415648230235,
    6.407119119966049,
    12.484749924305575,
    16.79144051495899,
    10.75811512438186,
    7.758881836519021,
    17.7121037327937,
    6.612820480999957,
    18.33366461819717,
    12.941841203835914,
    7.473443947390357,
    13.463702900542476,
    21.921387569126033,
    6.128783257663148,
    6.371081612241436,
    11.77909030043841,
    12.08137565002659,
    12.961150317093509,
    21.73994162596452,
    7.476810108281197,
    17.201640546874682,
    8.037134880835602,
    7.657601382404091,
    17.094908239708385,
    20.5336100587433,
    22.475548835075553,
    10.15717339401134,
    6.429998651618611,
    23.360304122886433,
    11.681439998960444,
    19.593988379905454,
    8.99169298067348
  ],